##  Shared Name File  Ver. 1.1,,,,,,,,,,,,,,,,,,,,,,,,,,,,,,,,,,,,,,,,,,,,,,,,,,,,,,,,,,,,,,,,,,,,,,,,,,,,,,,,,,,,,,,,,,,
##  File created by:  GE FANUC -- CIMPLICITY  Ver. 4.00 Build 743,,,,,,,,,,,,,,,,,,,,,,,,,,,,,,,,,,,,,,,,,,,,,,,,,,,,,,,,,,,,,,,,,,,,,,,,,,,,,,,,,,,,,,,,,,,
##  File created at:  16:46:30  on  01/27/2000.,,,,,,,,,,,,,,,,,,,,,,,,,,,,,,,,,,,,,,,,,,,,,,,,,,,,,,,,,,,,,,,,,,,,,,,,,,,,,,,,,,,,,,,,,,,
## ,,,,,,,,,,,,,,,,,,,,,,,,,,,,,,,,,,,,,,,,,,,,,,,,,,,,,,,,,,,,,,,,,,,,,,,,,,,,,,,,,,,,,,,,,,,
PT_ID,ACCESS,ACCESS_FILTER,ACK_TIMEOUT,ADDR,ADDR_OFFSET,ADDR_TYPE,ALM_CLASS,ALM_CRITERIA,ALM_DEADBAND,ALM_DELAY,ALM_ENABLE,ALM_HIGH_1,ALM_HIGH_2,ALM_HLP_FILE,ALM_LOW_1,ALM_LOW_2,ALM_MSG,ALM_ROUTE_OPER,ALM_ROUTE_SYSMGR,ALM_ROUTE_USER,ALM_STR,ALM_TYPE,ANALOG_DEADBAND,BFR_COUNT,BFR_DUR,BFR_EVENT_PERIOD,BFR_EVENT_PT_ID,BFR_EVENT_TYPE,BFR_EVENT_UNITS,BFR_GATE_COND,BFR_SYNC_TIME,CALC_TYPE,CONV_LIM_HIGH,CONV_LIM_LOW,CONV_TYPE,DELETE_REQ,DESC,DEVIATION_PT,DEVICE_ID,DISP_LIM_HIGH,DISP_LIM_LOW,DISP_WIDTH,ELEMENTS,ENG_UNITS,EQUATION,FW_CONV_EQ,GR_SCREEN,INIT_VAL,JUSTIFICATION,LOCAL,LOG_ACK,LOG_DEL,LOG_GEN,LOG_RESET,MAX_STACKED,MEASUREMENT_UNIT_ID,POLL_AFTER_SET,PRECISION,PROC_ID,PTMGMT_PROC_ID,PT_ENABLED,PT_ORIGIN,PT_SET_INTERVAL,PT_SET_TIME,PT_TYPE,RANGE_HIGH,RANGE_LOW,RAW_LIM_HIGH,RAW_LIM_LOW,REP_TIMEOUT,RESET_ALLOWED,RESET_COND,RESET_PT,RESET_TIMEOUT,RESOURCE_ID,REV_CONV_EQ,ROLLOVER_VAL,SAFETY_PT,SAMPLE_INTV,SAMPLE_INTV_UNIT,SCAN_RATE,SETPOINT_HIGH,SETPOINT_LOW,TIME_OF_DAY,TRIG_CK_PT,TRIG_PT,TRIG_REL,TRIG_VAL,UPDATE_CRITERIA,VARIANCE_VAL,VARS
## ,,,,,,,,,,,,,,,,,,,,,,,,,,,,,,,,,,,,,,,,,,,,,,,,,,,,,,,,,,,,,,,,,,,,,,,,,,,,,,,,,,,,,,,,,,,
CHIP_ADVANCE,W,,,,,,,,,0,,,,,,,,,,,1,,,0,0,0,,1,0,0,0,EQU,,,,,Running number of chips used in deposit,,,,,,1,,,,,0,LEFT,0,,,,,,,,,MASTER_PTDP_RP,MASTER_PTM0_RP,1,G,,,UINT,,,,,,,SI,,,OMS,,0,,0,,,,,,,,,,,0,1
CHIP_CHANGE_ALARM1,R,,-1,%M0425,0,FQ,HIGH,ABS,,0,1,,1,\AV_ALARM1,,,OPTICAL MONITOR ALARM CHIP CHANGER JAMMED!!,1,1,1,1,AL,0,0,0,0,,1,0,0,0,,,,NO,A,,,GE90-30_PLC,,,,1,,,,,,LEFT,,0,0,0,0,3,,0,,,,1,D,,,BOOL,1,0,,,-1,0,,,-1,$SYSTEM,,,,0,,1,,,,,,NO,,OC,,1
CHIP_CHANGE_SELECT,W,,,ChipChange,0,FQ,,,,0,,,,,,,,,,,1,,,0,0,0,,1,0,0,0,,,,NO,,Chip Change indicator,,LABVIEW,,,,1,,,,,,LEFT,,,,,,,,1,,,,1,D,,,BOOL,,,,,,,,,,OMS,,,,0,,1,,,,,,NO,,OC,,1
CHIP_NUMBER,W,,,,,,,,,0,,,,,,,,,,,1,,,0,0,0,,1,0,0,0,EQU,,,,,Running number of chips used in deposit,,,,,,1,,,,,0,LEFT,0,,,,,,,,,MASTER_PTDP_RP,MASTER_PTM0_RP,1,G,,,UINT,,,,,,,SI,,,OMS,,0,,0,,,,,,,,,,,0,1
CHOPPER_AND_LIGHT_SOURCE,W,,,,,,,,,0,,,,,,,,,,,1,,,0,0,0,,1,0,0,0,EQU,,,,,Operate the Chopper and Light Source,,,,,,1,,,,,,LEFT,0,,,,,,,,,,MASTER_PTM0_RP,1,G,,,BOOL,,,,,,,UN,,,OMS,,0,,0,,,,,,,,,,,0,1
FINAL_THICKNESS,R,,,FinalThickness,0,FQ,,,,0,,,,,,,,,,,1,,,0,0,0,,1,0,0,0,,,,NO,,OMS Final Thickness,,LABVIEW,,,,1,,,,,,LEFT,,,,,,,,1,,,,1,D,,,REAL,,,,,,,,,,OMS,,,,0,,1,,,,,,NO,,OC,,1
GRATINGNO,W,,,GratingNo,0,FQ,,,,0,,,,,,,,,,,1,,,0,0,0,,1,0,0,0,,,,NO,,OMS Grating to use,,LABVIEW,,,,1,,,,,,LEFT,,,,,,,,1,,,,1,D,,,USINT,,,,,,,,,,OMS,,,,0,,1,,,,,,NO,,OC,,1
INITIAL_DIRECTION,W,,,InitialDirection,0,FQ,,,,0,,,,,,,,,,,1,,,0,0,0,,1,0,0,0,,,,NO,,Initial Direction of the OMS Waveform,,LABVIEW,,,,1,,,,,,LEFT,,,,,,,,1,,,,1,D,,,BOOL,,,,,,,,,,OMS,,,,0,,1,,,,,,NO,,OC,,1
INITIAL_R_T,W,,,InitialValue,0,FQ,,,,0,,,,,,,,,,,1,,,0,0,0,,1,0,0,0,,,,NO,,Initial Value of Reflection/Transmission,,LABVIEW,,,,1,,,,,,LEFT,,,,,,,,1,,,,1,D,,,REAL,,,,,,,,,,OMS,,,,0,,2,,,,,,NO,,OC,,1
JUST_SET_MONOCHROMATOR,W,,,JustSetMonochromator,0,FQ,,,,0,,,,,,,,,,,1,,,0,0,0,,1,0,0,0,,,,NO,,Only send wavelength/grating to Acton,,LABVIEW,,,,1,,,,,,LEFT,,,,,,,,1,,,,1,D,,,BOOL,,,,,,,,,,OMS,,,,0,,2,,,,,,NO,,OC,,1
MAX_ANTICIPATED,W,,,YMaximum,0,FQ,,,,0,,,,,,,,,,,1,,,0,0,0,,1,0,0,0,,,,NO,,Maximum anticipated Percentage,,LABVIEW,,,,1,,,,,,LEFT,,,,,,,,1,,,,1,D,,,REAL,,,,,,,,,,OMS,,,,0,,2,,,,,,NO,,OC,,1
MIN_ANTICIPATED,W,,,YMinimum,0,FQ,,,,0,,,,,,,,,,,1,,,0,0,0,,1,0,0,0,,,,NO,,Minimum anticipated Percentage,,LABVIEW,,,,1,,,,,,LEFT,,,,,,,,1,,,,1,D,,,REAL,,,,,,,,,,OMS,,,,0,,2,,,,,,NO,,OC,,1
NOT_IN_SEQUENCE,W,,,NotInSequence,0,FQ,,,,0,,,,,,,,,,,1,,,0,0,0,,1,0,0,0,,,,NO,,OMS Sequence Number Indicator,,LABVIEW,,,,1,,,,,,LEFT,,,,,,,,1,,,,1,D,,,SINT,,,,,,,,,,OMS,,,,0,,1,,,,,,NO,,OC,,1
OMS_CONTROL_PB,W,,,%M0737,0,FQ,,,,0,,,,,,,,,,,1,,,0,0,0,,1,0,0,0,,,,NO,,OMS Control bits,,GE90-30_PLC,,,,3,,,,,,LEFT,,,,,,,,1,,,,1,D,,,BOOL,,,,,,,,,,$SYSTEM,,,,0,,1,,,,,,NO,,OC,,1
OPTICAL_THICKNESS,W,,,OptThick,0,FQ,,,,0,,,,,,,,,,,1,,,0,0,0,,1,0,0,0,,,,NO,,OMS Optical Thickness,,LABVIEW,,,,1,,,,,,LEFT,,,,,,,,1,,,,1,D,,,REAL,,,,,,,,,,OMS,,,,0,,1,,,,,,NO,,OC,,1
REFLECTION_TRANSMISSION,W,,,R_T,0,FQ,,,,0,,,,,,,,,,,1,,,0,0,0,,1,0,0,0,,,,NO,,Reflection/Transmission indicator,,LABVIEW,,,,1,,,,,,LEFT,,,,,,,,1,,,,1,D,,,SINT,,,,,,,,,,OMS,,,,0,,2,,,,,,NO,,OC,,1
SEND_PLC_VALUES,W,,,%M0904,0,FQ,,ABS,,0,,,,,,,,,,,1,,0,0,0,0,,1,0,0,0,,,,NO,,PLC ready for parameters,,GE90-30_PLC,,,,1,,,,,,LEFT,,,,,,,,1,,,,1,D,,,BOOL,1,0,,,,,,,,$SYSTEM,,,,0,SEC,1,,,,,,NO,,OC,,1
SEND_TO_MONOCHROMATOR,W,,,SendToMono,0,FQ,,,,0,,,,,,,,,,,1,,,0,0,0,,1,0,0,0,,,,NO,,OMS Trigger to send to Monochromator,,LABVIEW,,,,1,,,,,,LEFT,,,,,,,,1,,,,1,D,,,BOOL,,,,,,,,,,OMS,,,,0,,1,,,,,,NO,,OC,,1
SHUTTER_OPEN_LABVIEW,W,,,ShutterOpen,0,FQ,,,,0,,,,,,,,,,,1,,,0,0,0,,1,0,0,0,,,,NO,,OMS Trigger for shutter open to LabVIEW,,LABVIEW,,,,1,,,,,,LEFT,,,,,,,,1,,,,1,D,,,BOOL,,,,,,,,,,OMS,,,,0,,1,,,,,,NO,,OC,,1
WAVELENGTH,W,,,Wavelength,0,FQ,,,,0,,,,,,,,,,,1,,,0,0,0,,1,0,0,0,,,,NO,,OMS Destination Wavelength,,LABVIEW,,,,1,,,,,,LEFT,,,,,,,,1,,,,1,D,,,REAL,,,,,,,,,,OMS,,,,0,,1,,,,,,NO,,OC,,1
XTC_TERMINATION,W,,,,,,,,,0,,,,,,,,,,,1,,,0,0,0,,1,0,0,0,EQU,,,,,XTC Termination has occurred,,,,,,1,,DIGITAL_I[11],,,,LEFT,0,,,,,,,,,MASTER_PTDP_RP,MASTER_PTM0_RP,1,R,,,BOOL,,,,,,,UN,,,OMS,,0,,0,,,,,,,,,,,0,1
YMAXIMUM,W,,,YMaximum,0,FQ,,,,0,,,,,,,,,,,1,,,0,0,0,,1,0,0,0,,,,NO,,OMS Y-scale Maximum anticipated,,LABVIEW,,,,1,,,,,,LEFT,,,,,,,,1,,,,1,D,,,REAL,,,,,,,,,,OMS,,,,0,,1,,,,,,NO,,OC,,1
YMINIMUM,W,,,YMinimum,0,FQ,,,,0,,,,,,,,,,,1,,,0,0,0,,1,0,0,0,,,,NO,,OMS Y-scale Minimum anticipated,,LABVIEW,,,,1,,,,,,LEFT,,,,,,,,1,,,,1,D,,,REAL,,,,,,,,,,OMS,,,,0,,1,,,,,,NO,,OC,,1
