##  Shared Name File  Ver. 1.1
##  File created by:  GE FANUC -- CIMPLICITY  Ver. 3.21 Build 511
##  File created at:  02:52:07  on  10/29/98
## 
PT_ID,ACCESS,ACCESS_FILTER,ACK_TIMEOUT,ADDR,ADDR_OFFSET,ADDR_TYPE,ALM_CLASS,ALM_CRITERIA,ALM_DEADBAND,ALM_DELAY,ALM_HIGH_1,ALM_HIGH_2,ALM_HLP_FILE,ALM_LOW_1,ALM_LOW_2,ALM_MSG,ALM_ROUTE_OPER,ALM_ROUTE_SYSMGR,ALM_ROUTE_USER,ALM_STR,ALM_TYPE,ANALOG_DEADBAND,BFR_COUNT,BFR_DUR,BFR_EVENT_PERIOD,BFR_EVENT_PT_ID,BFR_EVENT_TYPE,BFR_EVENT_UNITS,BFR_GATE_COND,BFR_SYNC_TIME,CALC_TYPE,CONV_LIM_HIGH,CONV_LIM_LOW,CONV_TYPE,DELETE_REQ,DESC,DEVIATION_PT,DEVICE_ID,DISP_LIM_HIGH,DISP_LIM_LOW,DISP_WIDTH,ELEMENTS,ENG_UNITS,EQUATION,FW_CONV_EQ,GR_SCREEN,INIT_VAL,JUSTIFICATION,LOCAL,LOG_ACK,LOG_DEL,LOG_GEN,LOG_RESET,MAX_STACKED,POLL_AFTER_SET,PRECISION,PROC_ID,PTMGMT_PROC_ID,PT_ENABLED,PT_ORIGIN,PT_SET_INTERVAL,PT_SET_TIME,PT_TYPE,RAW_LIM_HIGH,RAW_LIM_LOW,REP_TIMEOUT,RESET_ALLOWED,RESET_COND,RESET_PT,RESET_TIMEOUT,RESOURCE_ID,REV_CONV_EQ,ROLLOVER_VAL,SAFETY_PT,SAMPLE_INTV,SAMPLE_INTV_UNIT,SCAN_RATE,TIME_OF_DAY,TRIG_CK_PT,TRIG_PT,TRIG_REL,TRIG_VAL,UPDATE_CRITERIA,VARIANCE_VAL,VARS
## 
ABORT,W,,,%M0712,0,FQ,,,,0,,,,,,,,,,1,,0,0,0,0,,1,0,0,0,,,,NO,,AUTO PROCESS PUSHBUTTON,,GE90-30_PLC,,,,1,,,,,,LEFT,,,,,,,0,,,,1,D,,,BOOL,1,0,,,,,,$SYSTEM,,,,0,,1,,,,NO,,OC,,1
AC_ALARM1,R,,,%M0156,0,FQ,HIGH,ABS,,0,,1,\AV_ALARM1,,,ION SOURCE ALARM!! - NEUTRALIZER FILAMENT BROKEN!!,1,1,1,1,AL,0,0,0,0,,1,0,0,0,,,,NO,A,,,GE90-30_PLC,,,,1,,,,,,LEFT,,0,0,0,0,3,0,,,,1,D,,,BOOL,1,0,,0,,,,$SYSTEM,,,,0,,1,,,,NO,,OC,,1
AC_ALARM2,R,,,%M0157,0,FQ,HIGH,ABS,,0,,1,\AV_ALARM1,,,AUTO PRE-CLEAN ALARM - MIN. VACUUM SETPOINT TIMEOUT!!,1,1,1,1,AL,0,0,0,0,,1,0,0,0,,,,NO,A,,,GE90-30_PLC,,,,1,,,,,,LEFT,,0,0,0,0,3,0,,,,1,D,,,BOOL,1,0,,0,,,,$SYSTEM,,,,0,,1,,,,NO,,OC,,1
AC_ALARM3,R,,,%M0158,0,FQ,HIGH,ABS,,0,,1,\AV_ALARM1,,,AUTO PRE-CLEAN ALARM - CHAMBER EXCEEDS MAX. VACUUM SETPOINT!!,1,1,1,1,AL,0,0,0,0,,1,0,0,0,,,,NO,A,,,GE90-30_PLC,,,,1,,,,,,LEFT,,0,0,0,0,3,0,,,,1,D,,,BOOL,1,0,,0,,,,$SYSTEM,,,,0,,1,,,,NO,,OC,,1
AD_ALARM1,R,,,%M0159,0,FQ,HIGH,ABS,,0,,1,\AV_ALARM1,,,AUTO DEPOSIT ALARM - E-BEAM HI-VOLTAGE OFF!!,1,1,1,1,AL,0,0,0,0,,1,0,0,0,,,,NO,A,,,GE90-30_PLC,,,,1,,,,,,LEFT,,0,0,0,0,3,0,,,,1,D,,,BOOL,1,0,,0,,,,$SYSTEM,,,,0,,1,,,,NO,,OC,,1
AD_ALARM2,R,,,%M0160,0,FQ,HIGH,ABS,,0,,1,\AV_ALARM1,,,AUTO DEPOSIT ALARM - CRUCIBLE MALFUNCTION!!,1,1,1,1,AL,0,0,0,0,,1,0,0,0,,,,NO,A,,,GE90-30_PLC,,,,1,,,,,,LEFT,,0,0,0,0,3,0,,,,1,D,,,BOOL,1,0,,0,,,,$SYSTEM,,,,0,,1,,,,NO,,OC,,1
AH_ALARM1,R,,,%M0154,0,FQ,HIGH,ABS,,0,,1,\AV_ALARM1,,,AUTO HEAT ALARM - TEMPERATURE SETPOINT TIMEOUT!!,1,1,1,1,AL,0,0,0,0,,1,0,0,0,,,,NO,A,AUTO HEAT ALARM 1 TEMP SETPOINT TIMEOUT,,GE90-30_PLC,,,,1,,,,,,LEFT,,0,0,0,0,3,0,,,,1,D,,,BOOL,1,0,,0,,,,$SYSTEM,,,,0,,1,,,,NO,,OC,,1
AH_ALARM2,R,,,%M0155,0,FQ,HIGH,ABS,,0,,1,\AV_ALARM1,,,AUTO HEAT ALARM - OVER SETPOINT LIMIT!!,1,1,1,1,AL,0,0,0,0,,1,0,0,0,,,,NO,A,AUTO HEAT ALARM 2 TEMP SETPOINT TIMEOUT,,GE90-30_PLC,,,,1,,,,,,LEFT,,0,0,0,0,3,0,,,,1,D,,,BOOL,1,0,,0,,,,$SYSTEM,,,,0,,1,,,,NO,,OC,,1
AIC801P,R,,,%AI0001,0,FQ,,,,0,,,,,,,,,,1,,0,0,0,0,,1,0,0,0,,,,NO,,XTC SOURCE #1,,GE90-30_PLC,,,,1,,,,,,LEFT,,,,,,,0,,,,1,D,,,INT,,,,,,,,$SYSTEM,,,,0,,1,,,,NO,,OC,,1
AIC802P,R,,,%AI0002,0,FQ,,,,0,,,,,,,,,,1,,0,0,0,0,,1,0,0,0,,,,NO,,XTC SOURCE #2,,GE90-30_PLC,,,,1,,,,,,LEFT,,,,,,,0,,,,1,D,,,INT,,,,,,,,$SYSTEM,,,,0,,1,,,,NO,,OC,,1
APRC_PB,W,,,%M0710,0,FQ,,,,0,,,,,,,,,,1,,0,0,0,0,,1,0,0,0,,,,NO,,AUTO PROCESS PUSHBUTTON,,GE90-30_PLC,,,,1,,,,,,LEFT,,,,,,,0,,,,1,D,,,BOOL,1,0,,,,,,$SYSTEM,,,,0,,1,,,,NO,,OC,,1
APRC_PULSE,W,,,%M0199,0,FQ,,,,0,,,,,,,,,,1,,0,0,0,0,,1,0,0,0,,,,NO,,AUTO PROCESS PUSHBUTTON,,GE90-30_PLC,,,,1,,,,,,LEFT,,,,,,,0,,,,1,D,,,BOOL,1,0,,,,,,$SYSTEM,,,,0,,1,,,,NO,,OC,,1
AP_ALARM1,R,,,%M0150,0,FQ,HIGH,ABS,,0,,1,\AP_ALARM1,,,AUTO PROCESS ALARM - DOOR NOT CLOSED!!,1,1,1,1,AL,0,0,0,0,,1,0,0,0,,,,NO,A,AUTO PROCESS ALARM 1 DOOR NOT CLOSED,,GE90-30_PLC,,,,1,,,,,,LEFT,,0,0,0,0,3,0,,,,1,D,,,BOOL,1,0,,0,,,,$SYSTEM,,,,0,,1,,,,NO,,OC,,1
AP_ALARM2,R,,,%M0151,0,FQ,HIGH,ABS,,0,,1,\AP_ALARM2,,,AUTO PUMP ALARM - CROSSOVER SETPOINT TIMEOUT!!,1,1,1,1,AL,0,0,0,0,,1,0,0,0,,,,NO,A,AUTO PUMP ALARM 1 CROSSOVER SETPOINT TIM,,GE90-30_PLC,,,,1,,,,,,LEFT,,0,0,0,0,3,0,,,,1,D,,,BOOL,1,0,,0,,,,$SYSTEM,,,,0,,1,,,,NO,,OC,,1
AP_ALARM3,R,,,%M0152,0,FQ,HIGH,ABS,,0,,1,\AP_ALARM3,,,AUTO PUMP ALARM - PROCESS PRESSURE SETPOINT TIMEOUT!!,1,1,1,1,AL,0,0,0,0,,1,0,0,0,,,,NO,A,AUTO PUMP ALARM 3 PROCESS PRESSURE,,GE90-30_PLC,,,,1,,,,,,LEFT,,0,0,0,0,3,0,,,,1,D,,,BOOL,1,0,,0,,,,$SYSTEM,,,,0,,1,,,,NO,,OC,,1
AUTO,R,,,%M0897,0,FQ,,,,0,,,,,,,,,,1,,0,0,0,0,,1,0,0,0,,,,NO,,AUTO MODE,,GE90-30_PLC,,,,1,,,,,,LEFT,,,,,,,0,,,,1,D,,,BOOL,1,0,,,,,,$SYSTEM,,,,0,,1,,,,NO,,OC,,1
AUTOVENTTIME,W,,,,,,,,,0,,,,,,,,,,1,,,0,0,0,,1,0,0,0,EQU,,,,,Auto vent timer,,,,,,1,,,,,0,LEFT,0,,,,,,,,,MASTER_PTM0_RP,1,G,,,DINT,,,,,IN,,,$SYSTEM,,0,,0,,,,,,,,,0,1
AV_301F,W,,,,,,HIGH,ABS,,0,,1,\AV_301F,,,Rough Valve Fault,1,1,1,1,AL,,0,0,0,,1,0,0,0,EQU,,,,AR,Rough Valve Alarm,,,,,,1,,,,,0,LEFT,0,0,0,0,0,0,,,,MASTER_PTM0_RP,1,G,,,BOOL,,,,1,IN,,,$SYSTEM,,0,,0,SEC,,,,,,,,0,1
AV_302F,W,,,,,,HIGH,ABS,,0,,1,\AV_302F,,,Vent Valve Fault,1,1,1,1,AL,,0,0,0,,1,0,0,0,EQU,,,,AR,Vent Valve Fault,,,,,,1,,,,,0,LEFT,0,0,0,0,0,0,,,,MASTER_PTM0_RP,1,G,,,BOOL,,,,1,IN,,,$SYSTEM,,0,,0,SEC,,,,,,,,0,1
AV_303F,W,,,,,,,,,0,,,,,,,,,,1,,,0,0,0,,1,0,0,0,EQU,,,,,Virtual Point VALVE 303 FAULT,,,,,,1,,,,,0,LEFT,0,,,,,,,,,MASTER_PTM0_RP,1,G,,,INT,,,,,IN,,,$SYSTEM,,0,,0,,,,,,,,,0,1
AV_304F,W,,,,,,,,,0,,,,,,,,,,1,,,0,0,0,,1,0,0,0,EQU,,,,,Virtual Point VALVE 304 FAULT,,,,,,1,,,,,0,LEFT,0,,,,,,,,,MASTER_PTM0_RP,1,G,,,INT,,,,,IN,,,$SYSTEM,,0,,0,,,,,,,,,0,1
AV_305F,W,,,,,,,,,0,,,,,,,,,,1,,,0,0,0,,1,0,0,0,EQU,,,,,Virtual Point VALVE 305 FAULT,,,,,,1,,,,,0,LEFT,0,,,,,,,,,MASTER_PTM0_RP,1,G,,,INT,,,,,IN,,,$SYSTEM,,0,,0,,,,,,,,,0,1
AV_306F,W,,,,,,,,,0,,,,,,,,,,1,,,0,0,0,,1,0,0,0,EQU,,,,,Virtual Point VALVE 306 FAULT,,,,,,1,,,,,0,LEFT,0,,,,,,,,,MASTER_PTM0_RP,1,G,,,INT,,,,,IN,,,$SYSTEM,,0,,0,,,,,,,,,0,1
AV_307F,W,,,,,,,,,0,,,,,,,,,,1,,,0,0,0,,1,0,0,0,EQU,,,,,Virtual Point VALVE 307 FAULT,,,,,,1,,,,,0,LEFT,0,,,,,,,,,MASTER_PTM0_RP,1,G,,,INT,,,,,IN,,,$SYSTEM,,0,,0,,,,,,,,,0,1
AV_308F,W,,,,,,,,,0,,,,,,,,,,1,,,0,0,0,,1,0,0,0,EQU,,,,,Virtual Point VALVE 308 FAULT,,,,,,1,,,,,0,LEFT,0,,,,,,,,,MASTER_PTM0_RP,1,G,,,INT,,,,,IN,,,$SYSTEM,,0,,0,,,,,,,,,0,1
AV_309F,W,,,,,,,,,0,,,,,,,,,,1,,,0,0,0,,1,0,0,0,EQU,,,,,Virtual Point VALVE 309 FAULT,,,,,,1,,,,,0,LEFT,0,,,,,,,,,MASTER_PTM0_RP,1,G,,,INT,,,,,IN,,,$SYSTEM,,0,,0,,,,,,,,,0,1
AV_310F,W,,,,,,,,,0,,,,,,,,,,1,,,0,0,0,,1,0,0,0,EQU,,,,,Virtual Point VALVE 310 FAULT,,,,,,1,,,,,0,LEFT,0,,,,,,,,,MASTER_PTM0_RP,1,G,,,INT,,,,,IN,,,$SYSTEM,,0,,0,,,,,,,,,0,1
AV_311F,W,,,,,,,,,0,,,,,,,,,,1,,,0,0,0,,1,0,0,0,EQU,,,,,Virtual Point VALVE 311 FAULT,,,,,,1,,,,,0,LEFT,0,,,,,,,,,MASTER_PTM0_RP,1,G,,,INT,,,,,IN,,,$SYSTEM,,0,,0,,,,,,,,,0,1
AV_312F,W,,,,,,,,,0,,,,,,,,,,1,,,0,0,0,,1,0,0,0,EQU,,,,,Virtual Point VALVE 312 FAULT,,,,,,1,,,,,0,LEFT,0,,,,,,,,,MASTER_PTM0_RP,1,G,,,INT,,,,,IN,,,$SYSTEM,,0,,0,,,,,,,,,0,1
AV_313F,W,,,,,,,,,0,,,,,,,,,,1,,,0,0,0,,1,0,0,0,EQU,,,,,Virtual Point VALVE 313 FAULT,,,,,,1,,,,,0,LEFT,0,,,,,,,,,MASTER_PTM0_RP,1,G,,,INT,,,,,IN,,,$SYSTEM,,0,,0,,,,,,,,,0,1
AV_314F,W,,,,,,,,,0,,,,,,,,,,1,,,0,0,0,,1,0,0,0,EQU,,,,,Virtual Point VALVE 314 FAULT,,,,,,1,,,,,0,LEFT,0,,,,,,,,,MASTER_PTM0_RP,1,G,,,INT,,,,,IN,,,$SYSTEM,,0,,0,,,,,,,,,0,1
AV_ALARM1,R,,,%M0153,0,FQ,HIGH,ABS,,0,,1,\AV_ALARM1,,,AUTO VENT ALARM - HI VACUUM PUMP PRESSURE TOO HIGH!!,1,1,1,1,AL,0,0,0,0,,1,0,0,0,,,,NO,A,AUTO VENT ALARM 1 HIVAC PUMP PRESSURE TO,,GE90-30_PLC,,,,1,,,,,,LEFT,,0,0,0,0,3,0,,,,1,D,,,BOOL,1,0,,0,,,,$SYSTEM,,,,0,,1,,,,NO,,OC,,1
A_DEP,W,,,,,,,,,0,,,,,,,,,,1,,,0,0,0,,1,0,0,0,EQU,,,,,,,,,,,1,,APRC_PB AND DIGITAL_M[110],,,0,LEFT,0,,,,,,,,MASTER_PTDP_RP,MASTER_PTM0_RP,1,R,,,BOOL,,,,,IN,,,$SYSTEM,,0,,0,,,,,,,,,0,1
A_IPC,W,,,,,,,,,0,,,,,,,,,,1,,,0,0,0,,1,0,0,0,EQU,,,,,,,,,,,1,,APRC_PB AND DIGITAL_M[111],,,0,LEFT,0,,,,,,,,MASTER_PTDP_RP,MASTER_PTM0_RP,1,R,,,BOOL,,,,,IN,,,$SYSTEM,,0,,0,,,,,,,,,0,1
A_PROC,R,,,%M0903,0,FQ,,,,0,,,,,,,,,,1,,0,0,0,0,,1,0,0,0,,,,NO,,AUTO PROCESS MODE,,GE90-30_PLC,,,,1,,,,,,LEFT,,,,,,,0,,,,1,D,,,BOOL,1,0,,,,,,$SYSTEM,,,,0,,1,,,,NO,,OC,,1
A_PUMP,W,,,,,,,,,0,,,,,,,,,,1,,,0,0,0,,1,0,0,0,EQU,,,,,,,,,,,1,,APRC_PB AND DIGITAL_M[104],,,0,LEFT,0,,,,,,,,MASTER_PTDP_RP,MASTER_PTM0_RP,1,R,,,BOOL,,,,,IN,,,$SYSTEM,,0,,0,,,,,,,,,0,1
CROSSOVER_START,W,,,,,,,,,0,,,,,,,,,,1,,,0,0,0,,1,0,0,0,EQU,,,,,,,,,,,1,,APRC_PB AND DIGITAL_Q[16],,,0,LEFT,0,,,,,,,,MASTER_PTDP_RP,MASTER_PTM0_RP,1,R,,,BOOL,,,,,IN,,,$SYSTEM,,0,,0,,,,,,,,,0,1
CRYSTAL_FAIL,R,,,%M0257,0,FQ,HIGH,ABS,,0,,1,\AV_ALARM1,,,XTC CRYTSL FAIL!!,1,1,1,1,AL,0,0,0,0,,1,0,0,0,,,,NO,A,XTC CRYSTAL FAIL ALARM,,GE90-30_PLC,,,,1,,,,,,LEFT,,0,0,0,0,3,0,,,,1,D,,,BOOL,1,0,,0,,,,$SYSTEM,,,,0,,1,,,,NO,,OC,,1
DATALOG1,W,,,,,,,,,0,,,,,,,,,,1,,,0,0,0,,1,0,0,0,EQU,,,,,Datalog toggle for group 1,,,,,,1,,,,,,LEFT,0,,,,,,,,,MASTER_PTM0_RP,1,G,,,BOOL,,,,,UN,,,$SYSTEM,,0,,0,,,,,,,,,0,1
DIGITAL_I,R,,,%I0001,0,FQ,,,,0,,,,,,,,,,1,,0,0,0,0,,1,0,0,0,,,,NO,,SOURCE SHUTTER #1,,GE90-30_PLC,,,,48,,,,,,LEFT,,,,,,,1,,,,1,D,,,BOOL,1,0,,,,,,$SYSTEM,,,,0,,1,,,,NO,,OC,,1
DIGITAL_M,R,,,%M897,0,FQ,,,,0,,,,,,,,,,1,,0,0,0,0,,1,0,0,0,,,,NO,,,,GE90-30_PLC,,,,150,,,,,,LEFT,,,,,,,0,,,,1,D,,,BOOL,1,0,,,,,,$SYSTEM,,,,0,,1,,,,NO,,OC,,1
DIGITAL_PB,W,,,%M0665,0,FQ,,,,0,,,,,,,,,,1,,0,0,0,0,,1,0,0,0,,,,NO,,pushbuttons,,GE90-30_PLC,,,,65,,,,,,LEFT,,,,,,,0,,,,1,D,,,BOOL,1,0,,,,,,$SYSTEM,,,,0,,1,,,,NO,,OC,,1
DIGITAL_Q,R,,,%Q0001,0,FQ,,,,0,,,,,,,,,,1,,0,0,0,0,,1,0,0,0,,,,NO,,,,GE90-30_PLC,,,,56,,,,,,LEFT,,,,,,,0,,,,1,D,,,BOOL,1,0,,,,,,$SYSTEM,,,,0,,1,,,,NO,,OC,,1
DRVSETPT,W,,,,,,,,,0,,,,,,,,,,1,,,0,0,0,,1,0,0,0,EQU,,,,,PRE-SCALED DRIVE SETPT,,,,,,1,,,,,,LEFT,0,,,,,,,,MASTER_PTDP_RP,MASTER_PTM0_RP,1,G,,,REAL,,,,,SA,,,$SYSTEM,,0,,0,,,,,,,,,0,1
ECHO,W,,,ECHO,0,FQ,,ABS,,0,,,,,,,,,,1,,,0,0,0,,1,0,0,0,,,,NO,,ECHO SENT COMMAND FROM XTC,,XTC_2,,,,1,,,,,,RIGHT,,,,,,,1,,,,1,D,,,STRING_80,,,,,,,,$SYSTEM,,,,0,,1,,,,NO,,UN,,1
FIC401P,R,,,%AI0014,0,FQ,,,,0,,,,,,,,,,1,,0,0,0,0,,1,0,0,0,,138,0,LC,,FLOW RATE GAS 1,,GE90-30_PLC,,,,1,,,,,,LEFT,,,,,,,1,,,,1,D,,,INT,16000,0,,,,,,$SYSTEM,,,,0,,1,,,,NO,,OC,,1
FIC402P,R,,,%AI0015,0,FQ,,,,0,,,,,,,,,,1,,0,0,0,0,,1,0,0,0,,100,0,LC,,FLOW RATE GAS 2,,GE90-30_PLC,,,,1,,,,,,LEFT,,,,,,,1,,,,1,D,,,INT,16000,0,,,,,,$SYSTEM,,,,0,,1,,,,NO,,OC,,1
FIRST_SEQ_NUM,W,,,,,,,ABS,,0,,,,,,,,,,1,,,0,0,0,,1,0,0,0,EQU,,,,,FIRST SEQ NUM,,,,,,1,,,,,0,LEFT,0,,,,,,,,,MASTER_PTM0_RP,1,G,,,INT,,,,,IN,,,$SYSTEM,,0,,0,SEC,,,,,,,,0,1
FLOW_RATE_GAS1,W,,,,,,,ABS,,0,,,,,,,,,,1,,,0,0,0,,1,0,0,0,EQU,,,,,demo point for trending,,,,,,1,,,,,0,LEFT,0,,,,,,,,,MASTER_PTM0_RP,1,G,,,INT,,,,,IN,,,$SYSTEM,,0,,0,SEC,,,,,,,,0,1
FLOW_RATE_GAS2,W,,,,,,,ABS,,0,,,,,,,,,,1,,,0,0,0,,1,0,0,0,EQU,,,,,demo point for trending,,,,,,1,,,,,0,LEFT,0,,,,,,,,,MASTER_PTM0_RP,1,G,,,INT,,,,,IN,,,$SYSTEM,,0,,0,SEC,,,,,,,,0,1
FRAME_COUNTER,W,,,,,,,ABS,,0,,,,,,,,,,1,,,0,0,0,,1,0,0,0,EQU,,,,,Counter for globe rotation,,,,,,1,,,,,,LEFT,0,,,,,,,,,MASTER_PTM0_RP,1,G,,,USINT,,,,,UN,,,$SYSTEM,,0,,0,SEC,,,,,,,,0,1
GUNWATER_ALARM,R,,,%M0275,0,FQ,HIGH,ABS,,0,,1,\AP_ALARM1,,,INTERLOCK ALARM!!  NO E-BEAM GUN WATER!!,1,1,1,1,AL,0,0,0,0,,1,0,0,0,,,,NO,A,EBEAM GUN WATER ALARM,,GE90-30_PLC,,,,1,,,,,,LEFT,,0,0,0,0,3,0,,,,1,D,,,BOOL,1,0,,0,,,,$SYSTEM,,,,0,,1,,,,NO,,OC,,1
HELLO,W,,,HELLO,0,FQ,,ABS,,0,,,,,,,,,,1,,,0,0,0,,1,0,0,0,,,,NO,,HELLO TO XTC,,XTC_2,,,,1,,,,,,RIGHT,,,,,,,1,,,,1,D,,,STRING_80,,,,,,,,$SYSTEM,,,,0,,1,,,,NO,,UN,,1
HIGH_PRI_ALARMS,W,,,,,,,,,0,,,,,,,,,,1,,,0,0,0,,1,0,0,0,EQU,,,,,,,,,,,1,,AV_301F BOR AV_302F BOR AV_303F BOR AV_304F BOR AV_305F BOR AV_306F BOR AV_307F BOR AV_308F BOR AV_309F BOR AV_310F BOR REGEN3_ALARM BOR AV_312F BOR AV_313F BOR AV_314F BOR AP_ALARM1 BOR AP_ALARM2 BOR AP_ALARM3 BOR AV_ALARM1 BOR AH_ALARM1 BOR AH_ALARM2 BOR AC_ALARM1 BOR AC_ALARM2 BOR AC_ALARM3,,,0,LEFT,0,,,,,,,,MASTER_PTDP_RP,MASTER_PTM0_RP,1,R,,,BOOL,,,,,IN,,,$SYSTEM,,0,,0,,,,,,,,,0,1
HIGH_PRI_ALARMS2,W,,,,,,,,,0,,,,,,,,,,1,,,0,0,0,,1,0,0,0,EQU,,,,,,,,,,,1,,AD_ALARM1 BOR AD_ALARM2 BOR MAN_ALARM1 BOR MAN_ALARM2 BOR MAN_ALARM3 BOR MAN_ALARM4 BOR CRYSTAL_FAIL BOR IGALARM BOR GUNWATER_ALARM BOR IONSOURCEWATER_ALARM BOR  SKIN_ALARM BOR LV1WATER_ALARM  BOR IONSOURCE_ALARM BOR ROTATION_ALARM BOR IONSOURCE2_ALARM BOR REGEN_ALARM BOR REGEN2_ALARM,,,0,LEFT,0,,,,,,,,MASTER_PTDP_RP,MASTER_PTM0_RP,1,R,,,BOOL,,,,,IN,,,$SYSTEM,,0,,0,,,,,,,,,0,1
IGALARM,R,,,%M0220,0,FQ,HIGH,ABS,,0,,1,\AV_ALARM1,,,ION GAUGE OFF!!,1,1,1,1,AL,0,0,0,0,,1,0,0,0,,,,NO,A,IG ALARM,,GE90-30_PLC,,,,1,,,,,,LEFT,,0,0,0,0,3,0,,,,1,D,,,BOOL,1,0,,0,,,,$SYSTEM,,,,0,,1,,,,NO,,OC,,1
IG_1_SP,W,,,,,,,,,0,,,,,,,,,,1,,,0,0,0,,1,0,0,0,EQU,,,,,ig#1 setpoint,,,,,,1,torr,,,,,LEFT,0,,,,,,,,,MASTER_PTM0_RP,1,G,,,REAL,,,,,UN,,,$SYSTEM,,0,,0,,,,,,,,,0,1
IG_1_SP_2,W,,,,,,,,,0,,,,,,,,,,1,,,0,0,0,,1,0,0,0,EQU,,,,,ig#1 #2 setpoint,,,,,,1,torr,,,,,LEFT,0,,,,,,,,,MASTER_PTM0_RP,1,G,,,REAL,,,,,UN,,,$SYSTEM,,0,,0,,,,,,,,,0,1
IG_2_SP,W,,,,,,,,,0,,,,,,,,,,1,,,0,0,0,,1,0,0,0,EQU,,,,,ig#2 setpoint,,,,,,1,torr,,,,,LEFT,0,,,,,,,,,MASTER_PTM0_RP,1,G,,,REAL,,,,,UN,,,$SYSTEM,,0,,0,,,,,,,,,0,1
IG_2_SP_2,W,,,,,,,,,0,,,,,,,,,,1,,,0,0,0,,1,0,0,0,EQU,,,,,ig#2 setpoint,,,,,,1,torr,,,,,LEFT,0,,,,,,,,,MASTER_PTM0_RP,1,G,,,REAL,,,,,UN,,,$SYSTEM,,0,,0,,,,,,,,,0,1
IONSOURCE2_ALARM,R,,,%M0399,0,FQ,HIGH,ABS,,0,,1,\AP_ALARM1,,,ION SOURCE ALARM!!  CHECK ION SOURCE!!,1,1,1,1,AL,0,0,0,0,,1,0,0,0,,,,NO,A,ION SOURCE ALARM,,GE90-30_PLC,,,,1,,,,,,LEFT,,0,0,0,0,3,0,,,,1,D,,,BOOL,1,0,,0,,,,$SYSTEM,,,,0,,1,,,,NO,,OC,,1
IONSOURCEWATER_ALARM,R,,,%M0284,0,FQ,HIGH,ABS,,0,,1,\AP_ALARM1,,,INTERLOCK ALARM!!  NO ION SOURCE WATER!!,1,1,1,1,AL,0,0,0,0,,1,0,0,0,,,,NO,A,ION SOURCE WATER ALARM,,GE90-30_PLC,,,,1,,,,,,LEFT,,0,0,0,0,3,0,,,,1,D,,,BOOL,1,0,,0,,,,$SYSTEM,,,,0,,1,,,,NO,,OC,,1
IONSOURCE_ALARM,R,,,%M0394,0,FQ,HIGH,ABS,,0,,1,\AP_ALARM1,,,ION SOURCE ALARM!!  FILAMENT BROKEN!!,1,1,1,1,AL,0,0,0,0,,1,0,0,0,,,,NO,A,ION SOURCE ALARM,,GE90-30_PLC,,,,1,,,,,,LEFT,,0,0,0,0,3,0,,,,1,D,,,BOOL,1,0,,0,,,,$SYSTEM,,,,0,,1,,,,NO,,OC,,1
JIC401C,R,,,%AI0006,0,FQ,,,,0,,,,,,,,,,1,,0,0,0,0,,1,0,0,0,,33,0,LC,,DVI NEUTRALIZER CURRENT,,GE90-30_PLC,33,0,,1,amps,,,,,LEFT,,,,,,,0,,,,1,D,,,INT,16000,0,,,,,,$SYSTEM,,,,0,,1,,,,NO,,OC,,1
JIC401V,R,,,%AI0011,0,FQ,,,,0,,,,,,,,,,1,,0,0,0,0,,1,0,0,0,,33,0,LC,,DVI NEUTRALIZER VOLTAGE,,GE90-30_PLC,33,0,,1,volts,,,,,LEFT,,,,,,,0,,,,1,D,,,INT,16000,0,,,,,,$SYSTEM,,,,0,,1,,,,NO,,OC,,1
JIC402C,R,,,%AI0007,0,FQ,,,,0,,,,,,,,,,1,,0,0,0,0,,1,0,0,0,,3.5,0,LC,,DVI DRIVE CURRENT,,GE90-30_PLC,3.5,0,,1,amps,,,,,LEFT,,,,,,,0,,,,1,D,,,INT,32000,0,,,,,,$SYSTEM,,,,0,,1,,,,NO,,OC,,1
JIC402V,R,,,%AI0008,0,FQ,,,,0,,,,,,,,,,1,,0,0,0,0,,1,0,0,0,,800,0,LC,,DVI DRIVE VOLTAGE,,GE90-30_PLC,800,0,,1,volts,,,,,LEFT,,,,,,,0,,,,1,D,,,INT,32000,0,,,,,,$SYSTEM,,,,0,,1,,,,NO,,OC,,1
JIC501P,R,,,%AI0005,0,FQ,,,,0,,,,,,,,,,1,,0,0,0,0,,1,0,0,0,,800,0,LC,,LV #1 CURRENT PV,,GE90-30_PLC,,,,1,,,,,,LEFT,,,,,,,0,,,,1,D,,,INT,16000,0,,,,,,$SYSTEM,,,,0,,1,,,,NO,,OC,,1
JIC501S,W,,,%R1011,0,FQ,,,,0,,,,,,,,,,1,,0,0,0,0,,1,0,0,0,,,,NO,,LV PERCENT VOLTS SETPT.,,GE90-30_PLC,,,,1,,,,,,LEFT,,,,,,,0,,,,1,D,,,INT,100,0,,,,,,$SYSTEM,,,,0,,1,,,,NO,,OC,,1
JIC502S,W,,,%R1013,0,FQ,,,,0,,,,,,,,,,1,,0,0,0,0,,1,0,0,0,,,,NO,,LV #2 PERCENT VOLTS SETPT.,,GE90-30_PLC,,,,1,,,,,,LEFT,,,,,,,0,,,,1,D,,,INT,100,0,,,,,,$SYSTEM,,,,0,,1,,,,NO,,OC,,1
JIC601C,R,,,%AI0004,0,FQ,,,,0,,,,,,,,,,1,,0,0,0,0,,1,0,0,0,,0.4,0,LC,,EB GUN CURRENT MONITOR,,GE90-30_PLC,,,,1,,,,,,LEFT,,,,,,,0,,,,1,D,,,INT,6400,0,,,,,,$SYSTEM,,,,0,,1,,,,NO,,OC,,1
JIC601V,R,,,%AI0003,0,FQ,,,,0,,,,,,,,,,1,,0,0,0,0,,1,0,0,0,,10000,0,LC,,EB GUN VOLTAGE,,GE90-30_PLC,,,,1,,,,,,LEFT,,,,,,,0,,,,1,D,,,INT,16000,0,,,,,,$SYSTEM,,,,0,,1,,,,NO,,OC,,1
JIC603S,W,,,%R1012,0,FQ,,ABS,,0,,,,,,,,,,1,,0,0,0,0,,1,0,0,0,,,,NO,,SWEEP SELECT 1-4,,GE90-30_PLC,,,,1,,,,,,LEFT,,,,,,,0,,,,1,D,,,INT,,,,,,,,$SYSTEM,,,,0,SEC,1,,,,NO,,OC,,1
LEYBOLD_SETPOINTS,W,,,%R1050,0,FQ,,,,0,,,,,,,,,,1,,0,0,0,0,,1,0,0,0,,,,NO,,Leybold Setpoints,,GE90-30_PLC,,,,8,,,,,,LEFT,,,,,,,0,,,,1,D,,,INT,,,,,,,,$SYSTEM,,,,0,,1,,,,NO,,OS,,1
LV1WATER_ALARM,R,,,%M0278,0,FQ,HIGH,ABS,,0,,1,\AP_ALARM1,,,INTERLOCK ALARM!!  NO LV#1 WATER!!,1,1,1,1,AL,0,0,0,0,,1,0,0,0,,,,NO,A,LV #1 WATER ALARM,,GE90-30_PLC,,,,1,,,,,,LEFT,,0,0,0,0,3,0,,,,1,D,,,BOOL,1,0,,0,,,,$SYSTEM,,,,0,,1,,,,NO,,OC,,1
MAINT,R,,,%M0899,0,FQ,,,,0,,,,,,,,,,1,,0,0,0,0,,1,0,0,0,,,,NO,,MAINTENANCE MODE,,GE90-30_PLC,,,,1,,,,,,LEFT,,,,,,,0,,,,1,D,,,BOOL,1,0,,,,,,$SYSTEM,,,,0,,1,,,,NO,,OC,,1
MANUAL,R,,,%M0898,0,FQ,,,,0,,,,,,,,,,1,,0,0,0,0,,1,0,0,0,,,,NO,,MANUAL MODE,,GE90-30_PLC,,,,1,,,,,,LEFT,,,,,,,0,,,,1,D,,,BOOL,1,0,,,,,,$SYSTEM,,,,0,,1,,,,NO,,OC,,1
MAN_ALARM1,R,,,%M0161,0,FQ,HIGH,ABS,,0,,1,\AV_ALARM1,,,MAINT ALARM - SERVICE MODE DURING AUTO PROCESS-!!,1,1,1,1,AL,0,0,0,0,,1,0,0,0,,,,NO,A,,,GE90-30_PLC,,,,1,,,,,,LEFT,,0,0,0,0,3,0,,,,1,D,,,BOOL,1,0,,0,,,,$SYSTEM,,,,0,,1,,,,NO,,OC,,1
MAN_ALARM2,R,,,%M0163,0,FQ,HIGH,ABS,,0,,1,\AV_ALARM1,,,MAINT ALARM - ROUGH VALVE OPEN!!,1,1,1,1,AL,0,0,0,0,,1,0,0,0,,,,NO,A,,,GE90-30_PLC,,,,1,,,,,,LEFT,,0,0,0,0,3,0,,,,1,D,,,BOOL,1,0,,0,,,,$SYSTEM,,,,0,,1,,,,NO,,OC,,1
MAN_ALARM3,R,,,%M0164,0,FQ,HIGH,ABS,,0,,1,\AV_ALARM1,,,MAINT ALARM - HIVAC VALVE OPEN!!,1,1,1,1,AL,0,0,0,0,,1,0,0,0,,,,NO,A,,,GE90-30_PLC,,,,1,,,,,,LEFT,,0,0,0,0,3,0,,,,1,D,,,BOOL,1,0,,0,,,,$SYSTEM,,,,0,,1,,,,NO,,OC,,1
MAN_ALARM4,R,,,%M0165,0,FQ,HIGH,ABS,,0,,1,\AV_ALARM1,,,MAINT ALARM - VENT VALVE OPEN!!,1,1,1,1,AL,0,0,0,0,,1,0,0,0,,,,NO,A,,,GE90-30_PLC,,,,1,,,,,,LEFT,,0,0,0,0,3,0,,,,1,D,,,BOOL,1,0,,0,,,,$SYSTEM,,,,0,,1,,,,NO,,OC,,1
MASTER_SEQNAME,W,,,,,,,ABS,,0,,,,,,,,,,1,,,0,0,0,,1,0,0,0,EQU,,,,,Master sequence name,,,,,,121,,,,,0,RIGHT,0,,,,,,,,,MASTER_PTM0_RP,1,G,,,STRING_8,,,,,IN,,,$SYSTEM,,0,,0,SEC,,,,,,,,0,1
MASTER_SEQTYPNUM,W,,,,,,,ABS,,0,,,,,,,,,,1,,,0,0,0,,1,0,0,0,EQU,,,,,Master sequence type number,,,,,,121,,,,,0,RIGHT,0,,,,,,,,,MASTER_PTM0_RP,1,G,,,STRING_8,,,,,IN,,,$SYSTEM,,0,,0,SEC,,,,,,,,0,1
NEUTSETPT,W,,,,,,,,,0,,,,,,,,,,1,,,0,0,0,,1,0,0,0,EQU,,,,,PRE-SCALED NEUT SETPT,,,,,,1,,,,,,LEFT,0,,,,,,,,MASTER_PTDP_RP,MASTER_PTM0_RP,1,G,,,REAL,,,,,SA,,,$SYSTEM,,0,,0,,,,,,,,,0,1
OPEN_AUTOGLOW_DIALOG,W,,,,,,,,,0,,,,,,,,,,1,,,0,0,0,,1,0,0,0,EQU,,,,,Open Auto glow configuration dialog,,,,,,1,,,,,0,LEFT,0,,,,,,,,,MASTER_PTM0_RP,1,G,,,BOOL,,,,,IN,,,$SYSTEM,,0,,0,,,,,,,,,0,1
OPEN_DEP_DIALOG,W,,,,,,,,,0,,,,,,,,,,1,,,0,0,0,,1,0,0,0,EQU,,,,,Open Deposition config dialog,,,,,,1,,,,,0,LEFT,0,,,,,,,,,MASTER_PTM0_RP,1,G,,,BOOL,,,,,IN,,,$SYSTEM,,0,,0,,,,,,,,,0,1
OPEN_HEAT_DIALOG,W,,,,,,,,,0,,,,,,,,,,1,,,0,0,0,,1,0,0,0,EQU,,,,,Open auto heat config dialog,,,,,,1,,,,,0,LEFT,0,,,,,,,,,MASTER_PTM0_RP,1,G,,,BOOL,,,,,IN,,,$SYSTEM,,0,,0,,,,,,,,,0,1
OPEN_ION_DIALOG,W,,,,,,,,,0,,,,,,,,,,1,,,0,0,0,,1,0,0,0,EQU,,,,,Open Ion preclean config dialog,,,,,,1,,,,,0,LEFT,0,,,,,,,,,MASTER_PTM0_RP,1,G,,,BOOL,,,,,IN,,,$SYSTEM,,0,,0,,,,,,,,,0,1
OPEN_MASTER_DIALOG,W,,,,,,,,,0,,,,,,,,,,1,,,0,0,0,,1,0,0,0,EQU,,,,,Open Master recipe dialog,,,,,,1,,,,,0,LEFT,0,,,,,,,,,MASTER_PTM0_RP,1,G,,,BOOL,,,,,IN,,,$SYSTEM,,0,,0,,,,,,,,,0,1
OPEN_XTC_DIALOG,W,,,,,,,,,0,,,,,,,,,,1,,,0,0,0,,1,0,0,0,EQU,,,,,Open XTC config dialog,,,,,,1,,,,,0,LEFT,0,,,,,,,,,MASTER_PTM0_RP,1,G,,,BOOL,,,,,IN,,,$SYSTEM,,0,,0,,,,,,,,,0,1
PIC301P,R,,,%AI0009,0,FQ,,,,0,,,,,,,,,,1,,0,0,0,0,,1,0,0,0,,,,NO,,MKS 250 ACTUAL PRESSURE,,GE90-30_PLC,,,,1,,,,,,LEFT,,,,,,,0,,,,1,D,,,INT,,,,,,,,$SYSTEM,,,,0,,1,,,,NO,,OC,,1
PIC302P,R,,,%AI0010,0,FQ,,,,0,,,,,,,,,,1,,0,0,0,0,,1,0,0,0,,,,NO,,IG #1 VACUUM INDICATION,,GE90-30_PLC,,,,1,,,,,,LEFT,,,,,,,0,,,,1,D,,,INT,,,,,,,,$SYSTEM,,,,0,,1,,,,NO,,OS,,1
PIC303P,R,,,%AI0012,0,FQ,,,,0,,,,,,,,,,1,,0,0,0,0,,1,0,0,0,,,,NO,,Pirani #1 VACUUM INDICATION,,GE90-30_PLC,,,,1,,,,,,LEFT,,,,,,,0,,,,1,D,,,INT,,,,,,,,$SYSTEM,,,,0,,1,,,,NO,,OS,,1
PIC304P,R,,,%AI0013,0,FQ,,,,0,,,,,,,,,,1,,0,0,0,0,,1,0,0,0,,,,NO,,Pirani #2 VACUUM INDICATION,,GE90-30_PLC,,,,1,,,,,,LEFT,,,,,,,0,,,,1,D,,,INT,,,,,,,,$SYSTEM,,,,0,,1,,,,NO,,OS,,1
PIC305P,R,,,%AI0016,0,FQ,,,,0,,,,,,,,,,1,,0,0,0,0,,1,0,0,0,,,,NO,,IG#2 Vacuum Indication,,GE90-30_PLC,,,,1,,,,,,LEFT,,,,,,,0,,,,1,D,,,INT,32000,0,,,,,,$SYSTEM,,,,0,,1,,,,NO,,OC,,1
PREVSCREENTITLE,W,,,,,,,ABS,,0,,,,,,,,,,1,,,0,0,0,,1,0,0,0,EQU,,,,,Prev screen title,,,,,,1,,,,,,RIGHT,0,,,,,,,,MASTER_PTDP_RP,MASTER_PTM0_RP,1,G,,,STRING_20,,,,,SA,,,$SYSTEM,,0,,0,,,,,,,,,0,1
PUMP_NUMBER,W,,,,,,,ABS,,0,,,,,,,,,,1,,,0,0,0,,1,0,0,0,EQU,,,,,Virtual Point for pump index number,,,,,,1,,,,,,LEFT,0,,,,,,,,,MASTER_PTM0_RP,1,G,,,INT,,,,,UN,,,$SYSTEM,,0,,0,SEC,,,,,,,,0,1
P_301F,W,,,,,,,ABS,,0,,,,,,,,,,1,,,0,0,0,,1,0,0,0,EQU,,,,,Virtual Point for Mech Pump Fault,,,,,,1,,,,,0,LEFT,0,,,,,,,,,MASTER_PTM0_RP,1,G,,,INT,,,,,IN,,,$SYSTEM,,0,,0,SEC,,,,,,,,0,1
P_302F,W,,,,,,,ABS,,0,,,,,,,,,,1,,,0,0,0,,1,0,0,0,EQU,,,,,Virtual Point for Cryo Pump Fault,,,,,,1,,,,,0,LEFT,0,,,,,,,,,MASTER_PTM0_RP,1,G,,,INT,,,,,IN,,,$SYSTEM,,0,,0,SEC,,,,,,,,0,1
P__301I,R,,,%I0087,0,FQ,,,,0,,,,,,,,,,1,,0,0,0,0,,1,0,0,0,,,,NO,,Rough Pump Running,,GE90-30_PLC,,,,1,,,,,,LEFT,,,,,,,1,,,,1,D,,,BOOL,1,0,,,,,,$SYSTEM,,,,0,,1,,,,NO,,OC,,1
RECAUTOGLOW0,W,,,%R0900,0,FQ,,ABS,,0,,,,,,,,,,1,,0,0,0,0,,1,0,0,0,,,,NO,,"SUBSTRATE ROT FAST ( 1=FAST, 0=SLOW).",,GE90-30_PLC,,,,1,,,,,,LEFT,,,,,,,0,,,,1,D,,,INT,,,,,,,,$SYSTEM,,,,0,SEC,1,,,,NO,,OC,,1
RECAUTOGLOW1,W,,,%R0901,0,FQ,,ABS,,0,,,,,,,,,,1,,0,0,0,0,,1,0,0,0,,,,NO,,spare,,GE90-30_PLC,,,,1,,,,,,LEFT,,,,,,,0,,,,1,D,,,INT,,,,,,,,$SYSTEM,,,,0,SEC,1,,,,NO,,OC,,1
RECAUTOGLOW10,W,,,%R0910,0,FQ,,ABS,,0,,,,,,,,,,1,,0,0,0,0,,1,0,0,0,,,,NO,,spare,,GE90-30_PLC,,,,1,,,,,,LEFT,,,,,,,0,,,,1,D,,,INT,,,,,,,,$SYSTEM,,,,0,SEC,1,,,,NO,,OC,,1
RECAUTOGLOW11,W,,,%R0911,0,FQ,,ABS,,0,,,,,,,,,,1,,0,0,0,0,,1,0,0,0,,,,NO,,spare,,GE90-30_PLC,,,,1,,,,,,LEFT,,,,,,,0,,,,1,D,,,INT,,,,,,,,$SYSTEM,,,,0,SEC,1,,,,NO,,OC,,1
RECAUTOGLOW12,W,,,%R0912,0,FQ,,,,0,,,,,,,,,,1,,0,0,0,0,,1,0,0,0,,,,NO,,GLOW CURRENT SETPT,,GE90-30_PLC,,,,1,,,,,,LEFT,,,,,,,0,,,,1,D,,,REAL,,,,,,,,$SYSTEM,,,,0,,1,,,,NO,,OC,,1
RECAUTOGLOW13,W,,,%R0913,0,FQ,,ABS,,0,,,,,,,,,,1,,0,0,0,0,,1,0,0,0,,,,NO,,GLOW RAMP TIME,,GE90-30_PLC,,,,1,,,,,,LEFT,,,,,,,0,,,,1,D,,,INT,,,,,,,,$SYSTEM,,,,0,SEC,1,,,,NO,,OC,,1
RECAUTOGLOW14,W,,,%R0914,0,FQ,,ABS,,0,,,,,,,,,,1,,0,0,0,0,,1,0,0,0,,,,NO,,SOAK TIME,,GE90-30_PLC,,,,1,,,,,,LEFT,,,,,,,0,,,,1,D,,,INT,,,,,,,,$SYSTEM,,,,0,SEC,1,,,,NO,,OC,,1
RECAUTOGLOW2,W,,,%R0902,0,FQ,,ABS,,0,,,,,,,,,,1,,0,0,0,0,,1,0,0,0,,,,NO,,"SUBSTRATE ROT FWD ( 1=FWD, 0=REV).",,GE90-30_PLC,,,,1,,,,,,LEFT,,,,,,,0,,,,1,D,,,INT,,,,,,,,$SYSTEM,,,,0,SEC,1,,,,NO,,OC,,1
RECAUTOGLOW4,W,,,%R0904,0,FQ,,ABS,,0,,,,,,,,,,1,,0,0,0,0,,1,0,0,0,,,,NO,,MIN VAC REQUIRED (1=YES),,GE90-30_PLC,,,,1,,,,,,LEFT,,,,,,,0,,,,1,D,,,INT,,,,,,,,$SYSTEM,,,,0,SEC,1,,,,NO,,OC,,1
RECAUTOGLOW5,W,,,%R0905,0,FQ,,ABS,,0,,,,,,,,,,1,,0,0,0,0,,1,0,0,0,,,,NO,,VAC. PRESSURE SETPT.,,GE90-30_PLC,,,,1,,,,,,LEFT,,,,,,,0,,,,1,D,,,INT,,,,,,,,$SYSTEM,,,,0,SEC,1,,,,NO,,OC,,1
RECAUTOGLOW6,W,,,%R0906,0,FQ,,ABS,,0,,,,,,,,,,1,,0,0,0,0,,1,0,0,0,,,,NO,,"1Gas discharge or 2 gas discharge (1=1,",,GE90-30_PLC,,,,1,,,,,,LEFT,,,,,,,0,,,,1,D,,,INT,,,,,,,,$SYSTEM,,,,0,SEC,1,,,,NO,,OC,,1
RECAUTOGLOW7,W,,,%R0907,0,FQ,,ABS,,0,,,,,,,,,,1,,0,0,0,0,,1,0,0,0,,,,NO,,PROCESS GAS SETPT. #1,,GE90-30_PLC,,,,1,,,,,,LEFT,,,,,,,0,,,,1,D,,,INT,,,,,,,,$SYSTEM,,,,0,SEC,1,,,,NO,,OC,,1
RECAUTOGLOW8,W,,,%R0908,0,FQ,,ABS,,0,,,,,,,,,,1,,0,0,0,0,,1,0,0,0,,,,NO,,PROCESS GAS SETPT. #2,,GE90-30_PLC,,,,1,,,,,,LEFT,,,,,,,0,,,,1,D,,,INT,,,,,,,,$SYSTEM,,,,0,SEC,1,,,,NO,,OC,,1
RECAUTOGLOW9,W,,,%R0909,0,FQ,,ABS,,0,,,,,,,,,,1,,0,0,0,0,,1,0,0,0,,,,NO,,spare,,GE90-30_PLC,,,,1,,,,,,LEFT,,,,,,,0,,,,1,D,,,INT,,,,,,,,$SYSTEM,,,,0,SEC,1,,,,NO,,OC,,1
RECAUTOHEAT0,W,,,%R0300,0,FQ,,ABS,,0,,,,,,,,,,1,,0,0,0,0,,1,0,0,0,,,,NO,,"SUBSTRATE ROT FAST ( 1=FAST, 0=SLOW).",,GE90-30_PLC,,,,1,,,,,,LEFT,,,,,,,0,,,,1,D,,,INT,,,,,,,,$SYSTEM,,,,0,SEC,1,,,,NO,,OC,,1
RECAUTOHEAT1,W,,,%R0301,0,FQ,,ABS,,0,,,,,,,,,,1,,0,0,0,0,,1,0,0,0,,,,NO,,spare,,GE90-30_PLC,,,,1,,,,,,LEFT,,,,,,,0,,,,1,D,,,INT,,,,,,,,$SYSTEM,,,,0,SEC,1,,,,NO,,OC,,1
RECAUTOHEAT10,W,,,%R0310,0,FQ,,ABS,,0,,,,,,,,,,1,,0,0,0,0,,1,0,0,0,,,,NO,,spare,,GE90-30_PLC,,,,1,,,,,,LEFT,,,,,,,0,,,,1,D,,,INT,,,,,,,,$SYSTEM,,,,0,SEC,1,,,,NO,,OC,,1
RECAUTOHEAT11,W,,,%R0311,0,FQ,,ABS,,0,,,,,,,,,,1,,0,0,0,0,,1,0,0,0,,,,NO,,SOAK TIME,,GE90-30_PLC,,,,1,,,,,,LEFT,,,,,,,0,,,,1,D,,,INT,,,,,,,,$SYSTEM,,,,0,SEC,1,,,,NO,,OC,,1
RECAUTOHEAT2,W,,,%R0302,0,FQ,,ABS,,0,,,,,,,,,,1,,0,0,0,0,,1,0,0,0,,,,NO,,"SUBSTRATE ROT FWD ( 1=FWD, 0=REV).",,GE90-30_PLC,,,,1,,,,,,LEFT,,,,,,,0,,,,1,D,,,INT,,,,,,,,$SYSTEM,,,,0,SEC,1,,,,NO,,OC,,1
RECAUTOHEAT3,W,,,%R0303,0,FQ,,ABS,,0,,,,,,,,,,1,,0,0,0,0,,1,0,0,0,,,,NO,,spare,,GE90-30_PLC,,,,1,,,,,,LEFT,,,,,,,0,,,,1,D,,,INT,,,,,,,,$SYSTEM,,,,0,SEC,1,,,,NO,,OC,,1
RECAUTOHEAT4,W,,,%R0304,0,FQ,,ABS,,0,,,,,,,,,,1,,0,0,0,0,,1,0,0,0,,,,NO,,MIN VAC REQUIRED (1=YES),,GE90-30_PLC,,,,1,,,,,,LEFT,,,,,,,0,,,,1,D,,,INT,,,,,,,,$SYSTEM,,,,0,SEC,1,,,,NO,,OC,,1
RECAUTOHEAT5,W,,,%R0312,0,FQ,,,,0,,,,,,,,,,1,,0,0,0,0,,1,0,0,0,,,,NO,,VAC. PRESSURE SETPT.,,GE90-30_PLC,,,,1,,,,,,LEFT,,,,,,,0,,,,1,D,,,REAL,,,,,,,,$SYSTEM,,,,0,,1,,,,NO,,OC,,1
RECAUTOHEAT6,W,,,%R0306,0,FQ,,ABS,,0,,,,,,,,,,1,,0,0,0,0,,1,0,0,0,,,,NO,,spare,,GE90-30_PLC,,,,1,,,,,,LEFT,,,,,,,0,,,,1,D,,,INT,,,,,,,,$SYSTEM,,,,0,SEC,1,,,,NO,,OC,,1
RECAUTOHEAT7,W,,,%R0307,0,FQ,,ABS,,0,,,,,,,,,,1,,0,0,0,0,,1,0,0,0,,,,NO,,SUBSTRATE TEMP SETPT. (CALCULATED?),,GE90-30_PLC,,,,1,,,,,,LEFT,,,,,,,0,,,,1,D,,,INT,,,,,,,,$SYSTEM,,,,0,SEC,1,,,,NO,,OC,,1
RECAUTOHEAT8,W,,,%R0308,0,FQ,,ABS,,0,,,,,,,,,,1,,0,0,0,0,,1,0,0,0,,,,NO,,spare,,GE90-30_PLC,,,,1,,,,,,LEFT,,,,,,,0,,,,1,D,,,INT,,,,,,,,$SYSTEM,,,,0,SEC,1,,,,NO,,OC,,1
RECAUTOHEAT9,W,,,%R0309,0,FQ,,ABS,,0,,,,,,,,,,1,,0,0,0,0,,1,0,0,0,,,,NO,,spare,,GE90-30_PLC,,,,1,,,,,,LEFT,,,,,,,0,,,,1,D,,,INT,,,,,,,,$SYSTEM,,,,0,SEC,1,,,,NO,,OC,,1
RECAUTOVENT0,W,,,%R0200,0,FQ,,ABS,,0,,,,,,,,,,1,,0,0,0,0,,1,0,0,0,,,,NO,,COOL DOWN TIME,,GE90-30_PLC,,,,1,,,,,,LEFT,,,,,,,0,,,,1,D,,,INT,,,,,,,,$SYSTEM,,,,0,SEC,1,,,,NO,,OC,,1
RECDEP0,W,,,%R0700,0,FQ,,ABS,,0,,,,,,,,,,1,,0,0,0,0,,1,0,0,0,,,,NO,,"ROT SPEED FAST (1=FAST, 0=SLOW)",,GE90-30_PLC,,,,1,,,,,,LEFT,,,,,,,0,,,,1,D,,,INT,,,,,,,,$SYSTEM,,,,0,SEC,1,,,,NO,,OC,,1
RECDEP1,W,,,%R0701,0,FQ,,ABS,,0,,,,,,,,,,1,,0,0,0,0,,1,0,0,0,,,,NO,,spare,,GE90-30_PLC,,,,1,,,,,,LEFT,,,,,,,0,,,,1,D,,,INT,,,,,,,,$SYSTEM,,,,0,SEC,1,,,,NO,,OC,,1
RECDEP10,W,,,%R0710,0,FQ,,,,0,,,,,,,,,,1,,0,0,0,0,,1,0,0,0,,,,NO,,PROCESS GAS SETPT. #1,,GE90-30_PLC,,,,1,,,,,,LEFT,,,,,,,0,,,,1,D,,,INT,,,,,,,,$SYSTEM,,,,0,,1,,,,NO,,OC,,1
RECDEP11,W,,,%R0711,0,FQ,,ABS,,0,,,,,,,,,,1,,0,0,0,0,,1,0,0,0,,,,NO,,PROCESS GAS SETPT. #2,,GE90-30_PLC,,,,1,,,,,,LEFT,,,,,,,0,,,,1,D,,,INT,,,,,,,,$SYSTEM,,,,0,SEC,1,,,,NO,,OC,,1
RECDEP12,W,,,%R0712,0,FQ,,ABS,,0,,,,,,,,,,1,,0,0,0,0,,1,0,0,0,,,,NO,,PID MODE (1=YES),,GE90-30_PLC,,,,1,,,,,,LEFT,,,,,,,0,,,,1,D,,,INT,,,,,,,,$SYSTEM,,,,0,SEC,1,,,,NO,,OC,,1
RECDEP13,W,,,%R0713,0,FQ,,ABS,,0,,,,,,,,,,1,,0,0,0,0,,1,0,0,0,,,,NO,,FIXED MODE (1=YES),,GE90-30_PLC,,,,1,,,,,,LEFT,,,,,,,0,,,,1,D,,,INT,,,,,,,,$SYSTEM,,,,0,SEC,1,,,,NO,,OC,,1
RECDEP14,W,,,%R0714,0,FQ,,,,0,,,,,,,,,,1,,0,0,0,0,,1,0,0,0,,,,NO,,HIVAC Pressure Setpt,,GE90-30_PLC,,,,1,,,,,,LEFT,,,,,,,0,,,,1,D,,,INT,,,,,,,,$SYSTEM,,,,0,,1,,,,NO,,OC,,1
RECDEP15,W,,,%R0715,0,FQ,,ABS,,0,,,,,,,,,,1,,0,0,0,0,,1,0,0,0,,,,NO,,ION ASSISTED DEP. (1=YES),,GE90-30_PLC,,,,1,,,,,,LEFT,,,,,,,0,,,,1,D,,,INT,,,,,,,,$SYSTEM,,,,0,SEC,1,,,,NO,,OC,,1
RECDEP16,W,,,%R0716,0,FQ,,,,0,,,,,,,,,,1,,0,0,0,0,,1,0,0,0,,3.5,0,LC,,DRIVE SETPT.,,GE90-30_PLC,,,,1,,,,,,LEFT,,,,,,,0,,,,1,D,,,INT,32000,0,,,,,,$SYSTEM,,,,0,,1,,,,NO,,OC,,1
RECDEP17,W,,,%R0717,0,FQ,,ABS,,0,,,,,,,,,,1,,0,0,0,0,,1,0,0,0,,,,NO,,ELECTRON BEAM GUN #1 (1=YES),,GE90-30_PLC,,,,1,,,,,,LEFT,,,,,,,0,,,,1,D,,,INT,,,,,,,,$SYSTEM,,,,0,SEC,1,,,,NO,,OC,,1
RECDEP18,W,,,%R0718,0,FQ,,ABS,,0,,,,,,,,,,1,,0,0,0,0,,1,0,0,0,,,,NO,,CRUCIBLE NUMBER,,GE90-30_PLC,,,,1,,,,,,LEFT,,,,,,,0,,,,1,D,,,INT,,,,,,,,$SYSTEM,,,,0,SEC,1,,,,NO,,OC,,1
RECDEP19,W,,,%R0719,0,FQ,,ABS,,0,,,,,,,,,,1,,0,0,0,0,,1,0,0,0,,,,NO,,SWEEP SELECT 1-4,,GE90-30_PLC,,,,1,,,,,,LEFT,,,,,,,0,,,,1,D,,,INT,,,,,,,,$SYSTEM,,,,0,SEC,1,,,,NO,,OC,,1
RECDEP2,W,,,%R0702,0,FQ,,ABS,,0,,,,,,,,,,1,,0,0,0,0,,1,0,0,0,,,,NO,,"ROT DIR FWD (1=FWD, 0 =REV).",,GE90-30_PLC,,,,1,,,,,,LEFT,,,,,,,0,,,,1,D,,,INT,,,,,,,,$SYSTEM,,,,0,SEC,1,,,,NO,,OC,,1
RECDEP20,W,,,%R0720,0,FQ,,ABS,,0,,,,,,,,,,1,,0,0,0,0,,1,0,0,0,,,,NO,,BANANA CRUCIBLE (1=YES),,GE90-30_PLC,,,,1,,,,,,LEFT,,,,,,,0,,,,1,D,,,INT,,,,,,,,$SYSTEM,,,,0,SEC,1,,,,NO,,OC,,1
RECDEP21,W,,,%R0721,0,FQ,,ABS,,0,,,,,,,,,,1,,0,0,0,0,,1,0,0,0,,,,NO,,LOW VOLTAGE SOURCE (1=YES),,GE90-30_PLC,,,,1,,,,,,LEFT,,,,,,,0,,,,1,D,,,INT,,,,,,,,$SYSTEM,,,,0,SEC,1,,,,NO,,OC,,1
RECDEP22,W,,,%R0722,0,FQ,,ABS,,0,,,,,,,,,,1,,0,0,0,0,,1,0,0,0,,,,NO,,"LV SELECT SOURCE A OR B (1=A, 0=B)",,GE90-30_PLC,,,,1,,,,,,LEFT,,,,,,,0,,,,1,D,,,INT,,,,,,,,$SYSTEM,,,,0,SEC,1,,,,NO,,OC,,1
RECDEP23,W,,,%R0723,0,FQ,,ABS,,0,,,,,,,,,,1,,0,0,0,0,,1,0,0,0,,,,NO,,spare,,GE90-30_PLC,,,,1,,,,,,LEFT,,,,,,,0,,,,1,D,,,INT,,,,,,,,$SYSTEM,,,,0,SEC,1,,,,NO,,OC,,1
RECDEP3,W,,,%R0703,0,FQ,,ABS,,0,,,,,,,,,,1,,0,0,0,0,,1,0,0,0,,,,NO,,spare,,GE90-30_PLC,,,,1,,,,,,LEFT,,,,,,,0,,,,1,D,,,INT,,,,,,,,$SYSTEM,,,,0,SEC,1,,,,NO,,OC,,1
RECDEP4,W,,,%R0704,0,FQ,,ABS,,0,,,,,,,,,,1,,0,0,0,0,,1,0,0,0,,,,NO,,PROCESS HEAT (1=YES),,GE90-30_PLC,,,,1,,,,,,LEFT,,,,,,,0,,,,1,D,,,INT,,,,,,,,$SYSTEM,,,,0,SEC,1,,,,NO,,OC,,1
RECDEP5,W,,,%R0705,0,FQ,,ABS,,0,,,,,,,,,,1,,0,0,0,0,,1,0,0,0,,,,NO,,PROCESS TEMP SETPT.,,GE90-30_PLC,,,,1,,,,,,LEFT,,,,,,,0,,,,1,D,,,INT,,,,,,,,$SYSTEM,,,,0,SEC,1,,,,NO,,OC,,1
RECDEP6,W,,,%R0706,0,FQ,,ABS,,0,,,,,,,,,,1,,0,0,0,0,,1,0,0,0,,,,NO,,PID SPARE,,GE90-30_PLC,,,,1,,,,,,LEFT,,,,,,,0,,,,1,D,,,INT,,,,,,,,$SYSTEM,,,,0,SEC,1,,,,NO,,OC,,1
RECDEP7,W,,,%R0724,0,FQ,,,,0,,,,,,,,,,1,,0,0,0,0,,1,0,0,0,,,,NO,,PID SPARE,,GE90-30_PLC,,,,1,,,,,,LEFT,,,,,,,0,,,,1,D,,,REAL,,,,,,,,$SYSTEM,,,,0,,1,,,,NO,,OC,,1
RECDEP8,W,,,%R0708,0,FQ,,,,0,,,,,,,,,,1,,0,0,0,0,,1,0,0,0,,33,0,LC,,NEUTRALIZER SP,,GE90-30_PLC,,,,1,,,,,,LEFT,,,,,,,0,,,,1,D,,,INT,32000,0,,,,,,$SYSTEM,,,,0,,1,,,,NO,,OC,,1
RECDEP9,W,,,%R0709,0,FQ,,ABS,,0,,,,,,,,,,1,,0,0,0,0,,1,0,0,0,,,,NO,,PROCESS GAS (1=YES),,GE90-30_PLC,,,,1,,,,,,LEFT,,,,,,,0,,,,1,D,,,INT,,,,,,,,$SYSTEM,,,,0,SEC,1,,,,NO,,OC,,1
RECIONPRECLEAN0,W,,,%R0800,0,FQ,,ABS,,0,,,,,,,,,,1,,0,0,0,0,,1,0,0,0,,,,NO,,"SUBSTRATE ROT FAST ( 1=FAST, 0=SLOW).",,GE90-30_PLC,,,,1,,,,,,LEFT,,,,,,,0,,,,1,D,,,INT,,,,,,,,$SYSTEM,,,,0,SEC,1,,,,NO,,OC,,1
RECIONPRECLEAN1,W,,,%R0801,0,FQ,,ABS,,0,,,,,,,,,,1,,0,0,0,0,,1,0,0,0,,,,NO,,spare,,GE90-30_PLC,,,,1,,,,,,LEFT,,,,,,,0,,,,1,D,,,INT,,,,,,,,$SYSTEM,,,,0,SEC,1,,,,NO,,OC,,1
RECIONPRECLEAN10,W,,,%R0810,0,FQ,,,,0,,,,,,,,,,1,,0,0,0,0,,1,0,0,0,,3.5,0,LC,,DRIVE SETPT.,,GE90-30_PLC,3.5,0,,1,amps,,,,,LEFT,,,,,,,0,,,,1,D,,,INT,32000,0,,,,,,$SYSTEM,,,,0,,1,,,,NO,,OC,,1
RECIONPRECLEAN11,W,,,%R0811,0,FQ,,ABS,,0,,,,,,,,,,1,,0,0,0,0,,1,0,0,0,,,,NO,,SOAK TIME,,GE90-30_PLC,,,,1,,,,,,LEFT,,,,,,,0,,,,1,D,,,INT,,,,,,,,$SYSTEM,,,,0,SEC,1,,,,NO,,OC,,1
RECIONPRECLEAN2,W,,,%R0802,0,FQ,,ABS,,0,,,,,,,,,,1,,0,0,0,0,,1,0,0,0,,,,NO,,"SUBSTRATE ROT FWD ( 1=FWD, 0=REV).",,GE90-30_PLC,,,,1,,,,,,LEFT,,,,,,,0,,,,1,D,,,INT,,,,,,,,$SYSTEM,,,,0,SEC,1,,,,NO,,OC,,1
RECIONPRECLEAN3,W,,,%R0803,0,FQ,,ABS,,0,,,,,,,,,,1,,0,0,0,0,,1,0,0,0,,,,NO,,spare,,GE90-30_PLC,,,,1,,,,,,LEFT,,,,,,,0,,,,1,D,,,INT,,,,,,,,$SYSTEM,,,,0,SEC,1,,,,NO,,OC,,1
RECIONPRECLEAN4,W,,,%R0804,0,FQ,,ABS,,0,,,,,,,,,,1,,0,0,0,0,,1,0,0,0,,,,NO,,MIN VAC REQUIRED (1=YES)??????,,GE90-30_PLC,,,,1,,,,,,LEFT,,,,,,,0,,,,1,D,,,INT,,,,,,,,$SYSTEM,,,,0,SEC,1,,,,NO,,OC,,1
RECIONPRECLEAN5,W,,,%R0805,0,FQ,,ABS,,0,,,,,,,,,,1,,0,0,0,0,,1,0,0,0,,,,NO,,VAC. PRESSURE SETPT.,,GE90-30_PLC,,,,1,,,,,,LEFT,,,,,,,0,,,,1,D,,,INT,,,,,,,,$SYSTEM,,,,0,SEC,1,,,,NO,,OC,,1
RECIONPRECLEAN6,W,,,%R0806,0,FQ,,ABS,,0,,,,,,,,,,1,,0,0,0,0,,1,0,0,0,,,,NO,,spare,,GE90-30_PLC,,,,1,,,,,,LEFT,,,,,,,0,,,,1,D,,,INT,,,,,,,,$SYSTEM,,,,0,SEC,1,,,,NO,,OC,,1
RECIONPRECLEAN7,W,,,%R0807,0,FQ,,ABS,,0,,,,,,,,,,1,,0,0,0,0,,1,0,0,0,,,,NO,,PROCESS GAS SETPT. #2,,GE90-30_PLC,,,,1,,,,,,LEFT,,,,,,,0,,,,1,D,,,INT,,,,,,,,$SYSTEM,,,,0,SEC,1,,,,NO,,OC,,1
RECIONPRECLEAN8,W,,,%R0808,0,FQ,,ABS,,0,,,,,,,,,,1,,0,0,0,0,,1,0,0,0,,,,NO,,spare,,GE90-30_PLC,,,,1,,,,,,LEFT,,,,,,,0,,,,1,D,,,INT,,,,,,,,$SYSTEM,,,,0,SEC,1,,,,NO,,OC,,1
RECIONPRECLEAN9,W,,,%R0809,0,FQ,,,,0,,,,,,,,,,1,,0,0,0,0,,1,0,0,0,,33,0,LC,,NEUTRALIZER SETPT,,GE90-30_PLC,33,0,,1,amps,,,,,LEFT,,,,,,,0,,,,1,D,,,INT,32000,0,,,,,,$SYSTEM,,,,0,,1,,,,NO,,OC,,1
RECIPE_NAME,W,,,,,,,ABS,,0,,,,,,,,,,1,,,0,0,0,,1,0,0,0,EQU,,,,,Recipe NAME,,,,,,1,,,,,,RIGHT,0,,,,,,,,,MASTER_PTM0_RP,1,G,,,STRING_20,,,,,UN,,,$SYSTEM,,0,,0,SEC,,,,,,,,0,1
RECOVERY,W,,,,,,,ABS,,0,,,,,,,,,,1,,,0,0,0,,1,0,0,0,EQU,,,,,Master sequence name,,,,,,121,,,,,0,RIGHT,0,,,,,,,,,MASTER_PTM0_RP,1,G,,,STRING_8,,,,,IN,,,$SYSTEM,,0,,0,SEC,,,,,,,,0,1
RECOVERY2,W,,,,,,,ABS,,0,,,,,,,,,,1,,,0,0,0,,1,0,0,0,EQU,,,,,Master sequence name,,,,,,121,,,,,0,RIGHT,0,,,,,,,,,MASTER_PTM0_RP,1,G,,,STRING_8,,,,,IN,,,$SYSTEM,,0,,0,SEC,,,,,,,,0,1
RECOVERYNUM,W,,,,,,,ABS,,0,,,,,,,,,,1,,,0,0,0,,1,0,0,0,EQU,,,,,Master sequence type number,,,,,,121,,,,,0,RIGHT,0,,,,,,,,,MASTER_PTM0_RP,1,G,,,STRING_8,,,,,IN,,,$SYSTEM,,0,,0,SEC,,,,,,,,0,1
RECREGEN0,W,,,%R0409,0,FQ,,,,0,,,,,,,,,,1,,0,0,0,0,,1,0,0,0,,,,NO,,PURGE TIME,,GE90-30_PLC,,,,1,,,,,,LEFT,,,,,,,0,,,,1,D,,,INT,,,,,,,,$SYSTEM,,,,0,,1,,,,NO,,OC,,1
RECSEQTYP,W,,,%R1020,0,FQ,,ABS,,0,,,,,,,,,,1,,0,0,0,0,,1,0,0,0,,,,NO,,SEQUENCE TYPE NUMBER (0-9),,GE90-30_PLC,,,,1,,,,,,LEFT,,,,,,,0,,,,1,D,,,INT,,,,,,,,$SYSTEM,,,,0,SEC,1,,,,NO,,OC,,1
RECTOTNUMOFSEQ,W,,,,,,,,,0,,,,,,,,,,1,,,0,0,0,,1,0,0,0,EQU,,,,,,,,,,,1,,,,,,LEFT,0,,,,,,,,MASTER_PTDP_RP,MASTER_PTM0_RP,1,G,,,INT,,,,,SA,,,$SYSTEM,,0,,0,,,,,,,,,0,1
RECXTC0,W,,,RECXTC0,0,FQ,,ABS,,0,,,,,,,,,,1,,,0,0,0,,1,0,0,0,,,,NO,,Rise time 1,,XTC_2,,,,1,,,,,,LEFT,,,,,,,1,,,,1,D,,,INT,,,,,,,,$SYSTEM,,,,0,SEC,1,,,,NO,,OC,,1
RECXTC1,W,,,RECXTC1,0,FQ,,,,0,,,,,,,,,,1,,,0,0,0,,1,0,0,0,,32000,0,CS,,SOAK PWR 1,,XTC_2,,,,1,,,%P*2.5,,,LEFT,,,,,,,1,,,,1,D,,,REAL,,,,,,,,$SYSTEM,%P/2.5,,,0,,1,,,,NO,,UN,,1
RECXTC10,W,,,RECXTC10,0,FQ,,,,0,,,,,,,,,,1,,,0,0,0,,1,0,0,0,,,,NO,,IDLE PWR,,XTC_2,,,,1,,,,,,LEFT,,,,,,,1,,,,1,D,,,REAL,,,,,,,,$SYSTEM,,,,0,,1,,,,NO,,UN,,1
RECXTC11,W,,,RECXTC11,0,FQ,,,,0,,,,,,,,,,1,,,0,0,0,,1,0,0,0,,,,NO,,TIME PWR,,XTC_2,,,,1,,,,,,LEFT,,,,,,,1,,,,1,D,,,UINT,,,,,,,,$SYSTEM,,,,0,,1,,,,NO,,UN,,1
RECXTC12,W,,,RECXTC12,0,FQ,,,,0,,,,,,,,,,1,,,0,0,0,,1,0,0,0,,,,NO,,XTAL SW S,,XTC_2,,,,1,,,,,,LEFT,,,,,,,1,,,,1,D,,,UINT,,,,,,,,$SYSTEM,,,,0,,1,,,,NO,,UN,,1
RECXTC13,W,,,RECXTC13,0,FQ,,,,0,,,,,,,,,,1,,,0,0,0,,1,0,0,0,,,,NO,,XTAL SW Q,,XTC_2,,,,1,,,,,,LEFT,,,,,,,1,,,,1,D,,,UINT,,,,,,,,$SYSTEM,,,,0,,1,,,,NO,,UN,,1
RECXTC14,W,,,RECXTC14,0,FQ,,,,0,,,,,,,,,,1,,,0,0,0,,1,0,0,0,,,,NO,,TOOL FACTOR 1,,XTC_2,,,,1,,,,,,LEFT,,,,,,,1,,,,1,D,,,REAL,,,,,,,,$SYSTEM,,,,0,,1,,,,NO,,UN,,1
RECXTC15,W,,,RECXTC15,0,FQ,,,,0,,,,,,,,,,1,,,0,0,0,,1,0,0,0,,,,NO,,TOOL FACTOR 2,,XTC_2,,,,1,,,,,,LEFT,,,,,,,1,,,,1,D,,,REAL,,,,,,,,$SYSTEM,,,,0,,1,,,,NO,,UN,,1
RECXTC16,W,,,RECXTC16,0,FQ,,,,0,,,,,,,,,,1,,,0,0,0,,1,0,0,0,,,,NO,,DEPOSITION RATE,,XTC_2,,,,1,,,,,,LEFT,,,,,,,1,,,,1,D,,,REAL,,,,,,,,$SYSTEM,,,,0,,1,,,,NO,,UN,,1
RECXTC17,W,,,RECXTC17,0,FQ,,,,0,,,,,,,,,,1,,,0,0,0,,1,0,0,0,,,,NO,,FINAL THICKNESS,,XTC_2,,,,1,,,,,,LEFT,,,,,,,1,,,,1,D,,,REAL,,,,,,,,$SYSTEM,,,,0,,1,,,,NO,,UN,,1
RECXTC18,W,,,RECXTC18,0,FQ,,,,0,,,,,,,,,,1,,,0,0,0,,1,0,0,0,,,,NO,,THICKNESS SPT,,XTC_2,,,,1,,,,,,LEFT,,,,,,,1,,,,1,D,,,REAL,,,,,,,,$SYSTEM,,,,0,,1,,,,NO,,UN,,1
RECXTC19,W,,,RECXTC19,0,FQ,,,,0,,,,,,,,,,1,,,0,0,0,,1,0,0,0,,,,NO,,DENSITY,,XTC_2,,,,1,,,,,,LEFT,,,,,,,1,,,,1,D,,,REAL,,,,,,,,$SYSTEM,,,,0,,1,,,,NO,,UN,,1
RECXTC2,W,,,RECXTC2,0,FQ,,ABS,,0,,,,,,,,,,1,,,0,0,0,,1,0,0,0,,,,NO,,Soak time 1,,XTC_2,,,,1,,,,,,LEFT,,,,,,,1,,,,1,D,,,INT,,,,,,,,$SYSTEM,,,,0,SEC,1,,,,NO,,OC,,1
RECXTC20,W,,,RECXTC20,0,FQ,,,,0,,,,,,,,,,1,,,0,0,0,,1,0,0,0,,,,NO,,Z-RATIO,,XTC_2,,,,1,,,,,,LEFT,,,,,,,1,,,,1,D,,,REAL,,,,,,,,$SYSTEM,,,,0,,1,,,,NO,,UN,,1
RECXTC21,W,,,RECXTC21,0,FQ,,,,0,,,,,,,,,,1,,,0,0,0,,1,0,0,0,,,,NO,,SENSOR,,XTC_2,,,,1,,,,,,LEFT,,,,,,,1,,,,1,D,,,UINT,,,,,,,,$SYSTEM,,,,0,,1,,,,NO,,UN,,1
RECXTC22,W,,,RECXTC22,0,FQ,,,,0,,,,,,,,,,1,,,0,0,0,,1,0,0,0,,,,NO,,SOURCE,,XTC_2,,,,1,,,,,,LEFT,,,,,,,1,,,,1,D,,,UINT,,,,,,,,$SYSTEM,,,,0,,1,,,,NO,,UN,,1
RECXTC23,W,,,RECXTC23,0,FQ,,,,0,,,,,,,,,,1,,,0,0,0,,1,0,0,0,,,,NO,,CRUCIBLE,,XTC_2,,,,1,,,,,,LEFT,,,,,,,1,,,,1,D,,,UINT,,,,,,,,$SYSTEM,,,,0,,1,,,,NO,,UN,,1
RECXTC24,W,,,RECXTC24,0,FQ,,,,0,,,,,,,,,,1,,,0,0,0,,1,0,0,0,,,,NO,,CONTROL GAIN,,XTC_2,,,,1,,,,,,LEFT,,,,,,,1,,,,1,D,,,REAL,,,,,,,,$SYSTEM,,,,0,,1,,,,NO,,UN,,1
RECXTC25,W,,,RECXTC25,0,FQ,,,,0,,,,,,,,,,1,,,0,0,0,,1,0,0,0,,,,NO,,CONTROL TC,,XTC_2,,,,1,,,,,,LEFT,,,,,,,1,,,,1,D,,,REAL,,,,,,,,$SYSTEM,,,,0,,1,,,,NO,,UN,,1
RECXTC26,W,,,RECXTC26,0,FQ,,,,0,,,,,,,,,,1,,,0,0,0,,1,0,0,0,,,,NO,,CONTROL DT,,XTC_2,,,,1,,,,,,LEFT,,,,,,,1,,,,1,D,,,REAL,,,,,,,,$SYSTEM,,,,0,,1,,,,NO,,UN,,1
RECXTC27,W,,,RECXTC27,0,FQ,,,,0,,,,,,,,,,1,,,0,0,0,,1,0,0,0,,,,NO,,MAX PWR,,XTC_2,,,,1,,,,,,LEFT,,,,,,,1,,,,1,D,,,REAL,,,,,,,,$SYSTEM,,,,0,,1,,,,NO,,UN,,1
RECXTC28,W,,,RECXTC28,0,FQ,,,,0,,,,,,,,,,1,,,0,0,0,,1,0,0,0,,,,NO,,SAMPLE,,XTC_2,,,,1,,,,,,LEFT,,,,,,,1,,,,1,D,,,UINT,,,,,,,,$SYSTEM,,,,0,,1,,,,NO,,UN,,1
RECXTC29,W,,,RECXTC29,0,FQ,,ABS,,0,,,,,,,,,,1,,,0,0,0,,1,0,0,0,,,,NO,,Hold time,,XTC_2,,,,1,,,,,,LEFT,,,,,,,1,,,,1,D,,,INT,,,,,,,,$SYSTEM,,,,0,SEC,1,,,,NO,,OC,,1
RECXTC3,W,,,RECXTC3,0,FQ,,ABS,,0,,,,,,,,,,1,,,0,0,0,,1,0,0,0,,,,NO,,Rise time 2,,XTC_2,,,,1,,,,,,LEFT,,,,,,,1,,,,1,D,,,INT,,,,,,,,$SYSTEM,,,,0,SEC,1,,,,NO,,OC,,1
RECXTC4,W,,,RECXTC4,0,FQ,,,,0,,,,,,,,,,1,,,0,0,0,,1,0,0,0,,,,NO,,SOAK PWR 2,,XTC_2,,,,1,,,,,,LEFT,,,,,,,1,,,,1,D,,,REAL,,,,,,,,$SYSTEM,,,,0,,1,,,,NO,,UN,,1
RECXTC5,W,,,RECXTC5,0,FQ,,ABS,,0,,,,,,,,,,1,,,0,0,0,,1,0,0,0,,,,NO,,Soak time 2,,XTC_2,,,,1,,,,,,LEFT,,,,,,,1,,,,1,D,,,INT,,,,,,,,$SYSTEM,,,,0,SEC,1,,,,NO,,OC,,1
RECXTC6,W,,,RECXTC6,0,FQ,,,,0,,,,,,,,,,1,,,0,0,0,,1,0,0,0,,,,NO,,SHUTTER DELAY,,XTC_2,,,,1,,,,,,LEFT,,,,,,,1,,,,1,D,,,UINT,,,,,,,,$SYSTEM,,,,0,,1,,,,NO,,UN,,1
RECXTC7,W,,,RECXTC7,0,FQ,,,,0,,,,,,,,,,1,,,0,0,0,,1,0,0,0,,,,NO,,NEW RATE,,XTC_2,,,,1,,,,,,LEFT,,,,,,,1,,,,1,D,,,REAL,,,,,,,,$SYSTEM,,,,0,,1,,,,NO,,UN,,1
RECXTC8,W,,,RECXTC8,0,FQ,,ABS,,0,,,,,,,,,,1,,,0,0,0,,1,0,0,0,,,,NO,,Rate ramp time,,XTC_2,,,,1,,,,,,LEFT,,,,,,,1,,,,1,D,,,INT,,,,,,,,$SYSTEM,,,,0,SEC,1,,,,NO,,OC,,1
RECXTC9,W,,,RECXTC9,0,FQ,,ABS,,0,,,,,,,,,,1,,,0,0,0,,1,0,0,0,,,,NO,,Idle Ramp,,XTC_2,,,,1,,,,,,LEFT,,,,,,,1,,,,1,D,,,INT,,,,,,,,$SYSTEM,,,,0,SEC,1,,,,NO,,OC,,1
REGEN2_ALARM,R,,,%M0274,0,FQ,HIGH,ABS,,0,,1,\AP_ALARM1,,,REGEN ALARM!!  3rd Setpoint Failure!!,1,1,1,1,AL,0,0,0,0,,1,0,0,0,,,,NO,A,REGEN  ALARM 2,,GE90-30_PLC,,,,1,,,,,,LEFT,,0,0,0,0,3,0,,,,1,D,,,BOOL,1,0,,0,,,,$SYSTEM,,,,0,,1,,,,NO,,OC,,1
REGEN3_ALARM,R,,,%M0268,0,FQ,HIGH,ABS,,0,,1,\AP_ALARM1,,,REGEN ALARM!!  RATE OF RISE TEST FAIL!!,1,1,1,1,AL,0,0,0,0,,1,0,0,0,,,,NO,A,REGEN  ALARM 3,,GE90-30_PLC,,,,1,,,,,,LEFT,,0,0,0,0,3,0,,,,1,D,,,BOOL,1,0,,0,,,,$SYSTEM,,,,0,,1,,,,NO,,OC,,1
REGENTIME,W,,,,,,,,,0,,,,,,,,,,1,,,0,0,0,,1,0,0,0,EQU,,,,,Regen timer,,,,,,1,,,,,0,LEFT,0,,,,,,,,,MASTER_PTM0_RP,1,G,,,DINT,,,,,IN,,,$SYSTEM,,0,,0,,,,,,,,,0,1
REGEN_ALARM,R,,,%M0265,0,FQ,HIGH,ABS,,0,,1,\AP_ALARM1,,,REGEN ALARM!!  20 MIN PURGE CYCLE START!!,1,1,1,1,AL,0,0,0,0,,1,0,0,0,,,,NO,A,REGEN ALARM,,GE90-30_PLC,,,,1,,,,,,LEFT,,0,0,0,0,3,0,,,,1,D,,,BOOL,1,0,,0,,,,$SYSTEM,,,,0,,1,,,,NO,,OC,,1
REPLACETITLE,W,,,,,,,,,0,,,,,,,,,,1,,,0,0,0,,1,0,0,0,EQU,,,,,Replace title for screen,,,,,,1,,,,,,LEFT,0,,,,,,,,,MASTER_PTM0_RP,1,G,,,BOOL,,,,,UN,,,$SYSTEM,,0,,0,,,,,,,,,0,1
ROTATION_ALARM,R,,,%M0287,0,FQ,HIGH,ABS,,0,,1,\AP_ALARM1,,,ROTATION ALARM!!  ROTATION JAMMED!!,1,1,1,1,AL,0,0,0,0,,1,0,0,0,,,,NO,A,ROTATION ALARM,,GE90-30_PLC,,,,1,,,,,,LEFT,,0,0,0,0,3,0,,,,1,D,,,BOOL,1,0,,0,,,,$SYSTEM,,,,0,,1,,,,NO,,OC,,1
RUN_NUMBER,R,,,%R1014,0,FQ,,,,0,,,,,,,,,,1,,0,0,0,0,,1,0,0,0,,,,NO,,AUTO PROCESS RUN NUMBER,,GE90-30_PLC,32000,0,,1,,,,,,LEFT,,,,,,,0,,,,1,D,,,INT,,,,,,,,$SYSTEM,,,,0,,5,,,,NO,,OC,,1
SCREENTITLE,W,,,,,,,ABS,,0,,,,,,,,,,1,,,0,0,0,,1,0,0,0,EQU,,,,,Screen Title,,,,,,1,,,,,,RIGHT,0,,,,,,,,MASTER_PTDP_RP,MASTER_PTM0_RP,1,G,,,STRING_20,,,,,SA,,,$SYSTEM,,0,,0,,,,,,,,,0,1
SCREENUPDATE,W,,,,,,,,,0,,,,,,,,,,1,,,0,0,0,,1,0,0,0,EQU,,,,,Screen Update Previous Screen Title,,,,,,1,,,,,,LEFT,0,,,,,,,,,MASTER_PTM0_RP,1,G,,,BOOL,,,,,UN,,,$SYSTEM,,0,,0,,,,,,,,,0,1
SEND_PLC_VALUES,W,,,%M0904,0,FQ,,ABS,,0,,,,,,,,,,1,,0,0,0,0,,1,0,0,0,,,,NO,,PLC ready for parameters,,GE90-30_PLC,,,,1,,,,,,LEFT,,,,,,,1,,,,1,D,,,BOOL,1,0,,,,,,$SYSTEM,,,,0,SEC,1,,,,NO,,OC,,1
SEQUENCEDONE,W,,,%M0906,0,FQ,,ABS,,0,,,,,,,,,,1,,0,0,0,0,,1,0,0,0,,,,NO,,Sequence Done,,GE90-30_PLC,,,,1,,,,,,LEFT,,,,,,,1,,,,1,D,,,BOOL,1,0,,,,,,$SYSTEM,,,,0,SEC,1,,,,NO,,OC,,1
SEQUENCEDONE2,W,,,%M0907,0,FQ,,,,0,,,,,,,,,,1,,0,0,0,0,,1,0,0,0,,,,NO,,Sequence Done,,GE90-30_PLC,,,,1,,,,,,LEFT,,,,,,,1,,,,1,D,,,BOOL,1,0,,,,,,$SYSTEM,,,,0,,1,,,,NO,,OC,,1
SEQUENCE_INDEX,W,,,,,,,,,0,,,,,,,,,,1,,,0,0,0,,1,0,0,0,EQU,,,,,Sequence index count,,,,,,1,,,,,0,LEFT,0,,,,,,,,,MASTER_PTM0_RP,1,G,,,SINT,,,,,IN,,,$SYSTEM,,0,,0,,,,,,,,,0,1
SEQUENCE_NAME,W,,,,,,,ABS,,0,,,,,,,,,,1,,,0,0,0,,1,0,0,0,EQU,,,,,Sequence Name,,,,,,1,,,,,,RIGHT,0,,,,,,,,,MASTER_PTM0_RP,1,G,,,STRING_20,,,,,UN,,,$SYSTEM,,0,,0,SEC,,,,,,,,0,1
SEQ_NAME_DISPLAY,W,,,,,,,ABS,,0,,,,,,,,,,1,,,0,0,0,,1,0,0,0,EQU,,,,,SEQUENCE RUNNING FOR DISPLAY,,,,,,1,,,,RECIPE.CIM,,RIGHT,0,,,,,,,,,MASTER_PTM0_RP,1,G,,,STRING_80,,,,,UN,,,$SYSTEM,,0,,0,,,,,,,,,0,1
SKIN_ALARM,R,,,%M0281,0,FQ,HIGH,ABS,,0,,1,\AP_ALARM1,,,INTERLOCK ALARM!!  SKINS REMOVED!!,1,1,1,1,AL,0,0,0,0,,1,0,0,0,,,,NO,A,SKIN SWITCH ALARM,,GE90-30_PLC,,,,1,,,,,,LEFT,,0,0,0,0,3,0,,,,1,D,,,BOOL,1,0,,0,,,,$SYSTEM,,,,0,,1,,,,NO,,OC,,1
SPIN_GLOBE,W,,,,,,,ABS,,0,,,,,,,,,,1,,,0,0,0,,1,0,0,0,EQU,,,,,Spin globe on main menu.,,,,,,1,,,,,0,LEFT,0,,,,,,,,,MASTER_PTM0_RP,1,G,,,BOOL,,,,,IN,,,$SYSTEM,,0,,0,SEC,,,,,,,,0,1
SPIN_GLOBE_NOW,W,,,,,,,ABS,,0,,,,,,,,,,1,,,0,0,0,,1,0,0,0,EQU,,,,,SPIN GLOBE TRIGGER,,,,,,1,,,,,0,LEFT,0,,,,,,,,,MASTER_PTM0_RP,1,G,,,INT,,,,,IN,,,$SYSTEM,,0,,0,SEC,,,,,,,,0,1
SYS_ALARM1,R,,,%M0708,0,FQ,HIGH,ABS,,0,0,,\AV_ALARM1,,,SYSTEM ALARM - PLC OR POWER FAULT!!,1,1,1,1,AL,0,0,0,0,,1,0,0,0,,,,NO,A,SYSTEM ALARM - PLC OR POWER FAULT,,GE90-30_PLC,,,,1,,,,,,LEFT,,0,0,0,0,3,0,,,,1,D,,,BOOL,1,0,,0,,,,$SYSTEM,,,,0,,1,,,,NO,,OC,,1
TC,W,,,,,,,,,0,,,,,,,,,,1,,,0,0,0,,1,0,0,0,T_C,,,,,Virtual Point Timer/Counter,,,,,,3,,A_PROC,,,,LEFT,0,,,,,,,,MASTER_PTDP_RP,MASTER_PTM0_RP,1,R,0:0:1,1:0:0,UDINT,,,,,SA,TC_MEMORY,,$SYSTEM,,0,,0,,,,,,,,,0,1
TC_1_SP,W,,,,,,,,,0,,,,,,,,,,1,,,0,0,0,,1,0,0,0,EQU,,,,,t/c #1 setpoint,,,,,,1,torr,,,,,LEFT,0,,,,,,,,,MASTER_PTM0_RP,1,G,,,REAL,,,,,UN,,,$SYSTEM,,0,,0,,,,,,,,,0,1
TC_1_SP_2,W,,,,,,,,,0,,,,,,,,,,1,,,0,0,0,,1,0,0,0,EQU,,,,,t/c #1 setpoint #2,,,,,,1,torr,,,,,LEFT,0,,,,,,,,,MASTER_PTM0_RP,1,G,,,REAL,,,,,UN,,,$SYSTEM,,0,,0,,,,,,,,,0,1
TC_2_SP,W,,,,,,,,,0,,,,,,,,,,1,,,0,0,0,,1,0,0,0,EQU,,,,,t/c #2 setpoint,,,,,,1,torr,,,,,LEFT,0,,,,,,,,,MASTER_PTM0_RP,1,G,,,REAL,,,,,UN,,,$SYSTEM,,0,,0,,,,,,,,,0,1
TC_2_SP_2,W,,,,,,,,,0,,,,,,,,,,1,,,0,0,0,,1,0,0,0,EQU,,,,,t/c #2 setpoint #2,,,,,,1,torr,,,,,LEFT,0,,,,,,,,,MASTER_PTM0_RP,1,G,,,REAL,,,,,UN,,,$SYSTEM,,0,,0,,,,,,,,,0,1
TC_MEMORY,W,,,,,,,,,0,,,,,,,,,,1,,,0,0,0,,1,0,0,0,EQU,,,,,Virtual Point Timer/Counter,,,,,,1,,,,,0,LEFT,0,,,,,,,,,MASTER_PTM0_RP,1,G,,,UDINT,,,,,IN,,,$SYSTEM,,0,,0,,,,,,,,,0,1
TESTPT1,W,,,,,,,,,0,,,,,,,,,,1,,,0,0,0,,1,0,0,0,EQU,,,,,Test point for file load,,,,,,1,,,,,,LEFT,0,,,,,,,,,MASTER_PTM0_RP,1,G,,,REAL,,,,,UN,,,$SYSTEM,,0,,0,,,,,,,,,0,1
TESTPT2,W,,,,,,,,,0,,,,,,,,,,1,,,0,0,0,,1,0,0,0,EQU,,,,,Test point for file load,,,,,,1,,,,,,LEFT,0,,,,,,,,,MASTER_PTM0_RP,1,G,,,REAL,,,,,UN,,,$SYSTEM,,0,,0,,,,,,,,,0,1
TESTPT3,W,,,,,,,,,0,,,,,,,,,,1,,,0,0,0,,1,0,0,0,EQU,,,,,Test point for file load,,,,,,1,,,,,,LEFT,0,,,,,,,,,MASTER_PTM0_RP,1,G,,,INT,,,,,UN,,,$SYSTEM,,0,,0,,,,,,,,,0,1
TESTPT4,W,,,,,,,,,0,,,,,,,,,,1,,,0,0,0,,1,0,0,0,EQU,,,,,Test point for file load,,,,,,1,,,,,,LEFT,0,,,,,,,,,MASTER_PTM0_RP,1,G,,,INT,,,,,UN,,,$SYSTEM,,0,,0,,,,,,,,,0,1
TESTSETPT,W,,,,,,,,,0,,,,,,,,,,1,,,0,0,0,,1,0,0,0,EQU,,,,,,,,100,0,,1,,,,,,LEFT,0,,,,,,,,,MASTER_PTM0_RP,1,G,,,SINT,,,,,UN,,,$SYSTEM,,0,,0,,,,,,,,,0,1
TIC201D,W,,,%R1004,0,FQ,,ABS,,0,,,,,,,,,,1,,0,0,0,0,,1,0,0,0,,,,NO,,PID1 DERIVATIVE GAIN,,GE90-30_PLC,,,,1,,,,,,LEFT,,,,,,,0,,,,1,D,,,INT,,,,,,,,$SYSTEM,,,,0,SEC,1,,,,NO,,OC,,1
TIC201F,W,,,%R1009,0,FQ,,ABS,,0,,,,,,,,,,1,,0,0,0,0,,1,0,0,0,,,,NO,,PID1 OUTPUT (CV+),,GE90-30_PLC,,,,1,,,,,,LEFT,,,,,,,0,,,,1,D,,,INT,,,,,,,,$SYSTEM,,,,0,SEC,1,,,,NO,,OC,,1
TIC201G,W,,,%R1010,0,FQ,,ABS,,0,,,,,,,,,,1,,0,0,0,0,,1,0,0,0,,,,NO,,PID1 OUTPUT (CV-),,GE90-30_PLC,,,,1,,,,,,LEFT,,,,,,,0,,,,1,D,,,INT,,,,,,,,$SYSTEM,,,,0,SEC,1,,,,NO,,OC,,1
TIC201H,W,,,%R1002,0,FQ,,ABS,,0,,,,,,,,,,1,,0,0,0,0,,1,0,0,0,,,,NO,,PID1 PROPORTIONAL GAIN,,GE90-30_PLC,,,,1,,,,,,LEFT,,,,,,,0,,,,1,D,,,INT,,,,,,,,$SYSTEM,,,,0,SEC,1,,,,NO,,OC,,1
TIC201I,W,,,%R1003,0,FQ,,ABS,,0,,,,,,,,,,1,,0,0,0,0,,1,0,0,0,,,,NO,,PID1 INTEGRAL GAIN,,GE90-30_PLC,,,,1,,,,,,LEFT,,,,,,,0,,,,1,D,,,INT,,,,,,,,$SYSTEM,,,,0,SEC,1,,,,NO,,OC,,1
TIC201P,W,,,%R1001,0,FQ,,ABS,,0,,,,,,,,,,1,,0,0,0,0,,1,0,0,0,,,,NO,,SUBSTRATE ACTUAL TEMP.,,GE90-30_PLC,,,,1,,,,,,LEFT,,,,,,,0,,,,1,D,,,INT,,,,,,,,$SYSTEM,,,,0,SEC,1,,,,NO,,OC,,1
TIC201S,W,,,%AQ0002,0,FQ,,,,0,,,,,,,,,,1,,0,0,0,0,,1,0,0,0,,,,NO,,HEAT SETPOINT +,,GE90-30_PLC,,,,1,,,,,,LEFT,,,,,,,0,,,,1,D,,,INT,,,,,,,,$SYSTEM,,,,0,,1,,,,NO,,OC,,1
TIME,W,,,,,,,,,0,,,,,,,,,,1,,,0,0,0,,1,0,0,0,EQU,,,,,,,,,,,1,,TIMEDATE[1] +TIMEDATE[2],,,,LEFT,0,,,,,,,,MASTER_PTDP_RP,MASTER_PTM0_RP,1,R,,,UDINT,,,,,UN,TIMEDATE_EN,,$SYSTEM,,0,,0,,,,,,,,,0,1
TIMEDATE,W,,,,,,,,,0,,,,,,,,,,1,,,0,0,0,,1,0,0,0,T_C,,,,,System Time Date,,,,,,3,,TIMEDATE_EN,,,,LEFT,0,,,,,,,,MASTER_PTDP_RP,MASTER_PTM0_RP,1,R,0:0:0,0:0:0,UDINT,,,,,UN,TIMEDATE_EN,,$SYSTEM,,0,,0,,,,,,,,,0,1
TIMEDATE_EN,W,,,,,,,,,0,,,,,,,,,,1,,,0,0,0,,1,0,0,0,EQU,,,,,Timer enable,,,,,,1,,,,,1,LEFT,0,,,,,,,,,MASTER_PTM0_RP,1,G,,,BOOL,,,,,IN,,,$SYSTEM,,0,,0,,,,,,,,,0,1
TREND_ENABLE,W,,,,,,,ABS,,0,,,,,,,,,,1,,,0,0,0,,1,0,0,0,EQU,,,,,Enable demo trend values,,,,,,1,,,,,,LEFT,0,,,,,,,,,MASTER_PTM0_RP,1,G,,,BOOL,,,,,UN,,,$SYSTEM,,0,,0,SEC,,,,,,,,0,1
TREND_START,W,,,,,,,ABS,,0,,,,,,,,,,1,,,0,0,0,,1,0,0,0,EQU,,,,,Begin trending demo,,,,,,1,,,,,0,LEFT,0,,,,,,,,,MASTER_PTM0_RP,1,G,,,BOOL,,,,,IN,,,$SYSTEM,,0,,0,SEC,,,,,,,,0,1
UPDATEMSG1,W,,,Msg_Part1,0,FQ,,ABS,,0,,,,,,,,,,1,,,0,0,0,,1,0,0,0,,,,NO,,Update msg 1 of 4 for XTC,,XTC_2,,,,1,,,,,,RIGHT,,,,,,,1,,,,1,D,,,STRING_80,,,,,,,,$SYSTEM,,,,0,,1,,,,NO,,OC,,1
UPDATEMSG2,W,,,Msg_Part2,0,FQ,,ABS,,0,,,,,,,,,,1,,,0,0,0,,1,0,0,0,,,,NO,,Update msg 2 of 4 for XTC,,XTC_2,,,,1,,,,,,RIGHT,,,,,,,1,,,,1,D,,,STRING_80,,,,,,,,$SYSTEM,,,,0,,1,,,,NO,,OC,,1
UPDATEMSG3,W,,,Msg_Part3,0,FQ,,ABS,,0,,,,,,,,,,1,,,0,0,0,,1,0,0,0,,,,NO,,Update msg 3 of 4 for XTC,,XTC_2,,,,1,,,,,,RIGHT,,,,,,,1,,,,1,D,,,STRING_80,,,,,,,,$SYSTEM,,,,0,,1,,,,NO,,OC,,1
UPDATEMSG4,W,,,Msg_Part4,0,FQ,,ABS,,0,,,,,,,,,,1,,,0,0,0,,1,0,0,0,,,,NO,,Update msg 4 of 4 for XTC,,XTC_2,,,,1,,,,,,RIGHT,,,,,,,1,,,,1,D,,,STRING_80,,,,,,,,$SYSTEM,,,,0,,1,,,,NO,,OC,,1
VACUUM_IG1,W,,,,,,,,,0,,,,,,,,,,1,,,0,0,0,,1,0,0,0,EQU,,,,,ION GAUGE VACUUM,,,,,4,1,torr,10^((PIC302P/3200.00) - 11),,,,LEFT,0,,,,,,,2,MASTER_PTDP_RP,MASTER_PTM0_RP,1,R,,,REAL,,,,,SA,,,$SYSTEM,,0,,0,,,,,,,,,0,1
VACUUM_IG2,W,,,,,,,,,0,,,,,,,,,,1,,,0,0,0,,1,0,0,0,EQU,,,,,ION GAUGE #2 VACUUM,,,,,4,1,torr,10^((PIC305P/3200.00) - 11),,,,LEFT,0,,,,,,,2,MASTER_PTDP_RP,MASTER_PTM0_RP,1,R,,,REAL,,,,,SA,,,$SYSTEM,,0,,0,,,,,,,,,0,1
VACUUM_PR1,W,,,,,,,,,0,,,,,,,,,,1,,,0,0,0,,1,0,0,0,EQU,,,,,Pirani #1 VACUUM,,,,,4,1,torr,10^((((PIC303P/3200.00) - 6.143)/1.286) * 0.75),,,,LEFT,0,,,,,,,2,MASTER_PTDP_RP,MASTER_PTM0_RP,1,R,,,REAL,,,,,SA,,,$SYSTEM,,0,,0,,,,,,,,,0,1
VACUUM_PR2,W,,,,,,,,,0,,,,,,,,,,1,,,0,0,0,,1,0,0,0,EQU,,,,,Pirani #2 VACUUM,,,,,4,1,torr,10^((((PIC304P/3200.00) - 6.143)/1.286) * 0.75),,,,LEFT,0,,,,,,,2,MASTER_PTDP_RP,MASTER_PTM0_RP,1,R,,,REAL,,,,,SA,,,$SYSTEM,,0,,0,,,,,,,,,0,1
VALUES_SENT,W,,,%M0905,0,FQ,,ABS,,0,,,,,,,,,,1,,0,0,0,0,,1,0,0,0,,,,NO,,Parameters Sent,,GE90-30_PLC,,,,1,,,,,,LEFT,,,,,,,1,,,,1,D,,,BOOL,1,0,,,,,,$SYSTEM,,,,0,SEC,1,,,,NO,,OC,,1
VLV_NUMBER,W,,,,,,,ABS,,0,,,,,,,,,,1,,,0,0,0,,1,0,0,0,EQU,,,,,Virtual Point for valve index number,,,,,,1,,,,,0,LEFT,0,,,,,,,,,MASTER_PTM0_RP,1,G,,,INT,,,,,IN,,,$SYSTEM,,0,,0,SEC,,,,,,,,0,1
XTCERRORMSG,W,,,Error_Message,0,FQ,,ABS,,0,,,,,,,,,,1,,,0,0,0,,1,0,0,0,,,,NO,,XTC error message,,XTC_2,,,,1,,,,,,RIGHT,,,,,,,1,,,,1,D,,,STRING_8,,,,,,,,$SYSTEM,,,,0,,1,,,,NO,,OC,,1
XTCQUERYALL,W,,,Query_Trigger_Integer,0,FQ,,,,0,,,,,,,,,,1,,,0,0,0,,1,0,0,0,,,,NO,,Query integer values from XTC,,XTC_2,,,,1,,,,,,LEFT,,,,,,,1,,,,1,D,,,BOOL,,,,,,,,$SYSTEM,,,,0,,1,,,,NO,,UN,,1
XTCQUERYREAL,W,,,Query_Trigger_Real,0,FQ,,,,0,,,,,,,,,,1,,,0,0,0,,1,0,0,0,,,,NO,,query real values from XTC,,XTC_2,,,,1,,,,,,LEFT,,,,,,,1,,,,1,D,,,BOOL,,,,,,,,$SYSTEM,,,,0,,1,,,,NO,,UN,,1
XTCUPDATEALL,W,,,Update_Trigger_All_Values,0,FQ,,,,0,,,,,,,,,,1,,,0,0,0,,1,0,0,0,,,,NO,,Update all parameters,,XTC_2,,,,1,,,,,,LEFT,,,,,,,1,,,,1,D,,,BOOL,,,,,,,,$SYSTEM,,,,0,,1,,,,NO,,UN,,1
XTC_ALARM,W,,,,,,,,,0,,,,,,,,,,1,,,0,0,0,,1,0,0,0,EQU,,,,,XTC_ALARM,,,,,4,1,torr,XTC_THICKNESS_TR EQ 1,,,,LEFT,0,,,,,,,2,MASTER_PTDP_RP,MASTER_PTM0_RP,1,R,,,REAL,,,,,SA,,,$SYSTEM,,0,,0,,,,,HIGH_PRI_ALARMS,,,,0,1
XTC_ALARM2,W,,,,,,,,,0,,,,,,,,,,1,,,0,0,0,,1,0,0,0,EQU,,,,,XTC_ALARM,,,,,4,1,torr,XTC_THICKNESS_TR EQ 1,,,,LEFT,0,,,,,,,2,MASTER_PTDP_RP,MASTER_PTM0_RP,1,R,,,REAL,,,,,SA,,,$SYSTEM,,0,,0,,,,,HIGH_PRI_ALARMS2,,,,0,1
XTC_DATA_,W,,,,,,,,,0,,,,,,,,,,1,,,0,0,0,,1,0,0,0,EQU,,,,,,,,,,,1,,DIGITAL_I[0] or DIGITAL_I[1],,,0,LEFT,0,,,,,,,,MASTER_PTDP_RP,MASTER_PTM0_RP,1,R,,,BOOL,,,,,IN,,,$SYSTEM,,0,,0,,,,,,,,,0,1
XTC_POWER,R,,,XTC_POWER,0,FQ,,ABS,,0,,,,,,,,,,1,,,0,0,0,,1,0,0,0,,,,NO,,XTC rate,,XTC_2,,,,1,,,,,,RIGHT,,,,,,,0,,,,1,D,,,STRING_80,,,,,,,,$SYSTEM,,,,0,,1,,,,NO,,OC,,1
XTC_RATE,R,,,XTC_RATE,0,FQ,,ABS,,0,,,,,,,,,,1,,,0,0,0,,1,0,0,0,,,,NO,,XTC rate,,XTC_2,,,,1,,,,,,RIGHT,,,,,,,0,,,,1,D,,,STRING_80,,,,,,,,$SYSTEM,,,,0,,1,,,,NO,,OC,,1
XTC_RESET,W,,,XTC_Reset,0,FQ,,,,0,,,,,,,,,,1,,,0,0,0,,1,0,0,0,,,,NO,,Reset xtc for download,,XTC_2,,,,1,,,,,,LEFT,,,,,,,1,,,,1,D,,,BOOL,,,,,,,,$SYSTEM,,,,0,,1,,,,NO,,OC,,1
XTC_THICKNESS,W,,,XTC_THICKNESS,0,FQ,,ABS,,0,,,,,,,,,,1,,,0,0,0,,1,0,0,0,,,,NO,,Update msg 3 of 4 for XTC,,XTC_2,,,,1,,,,,,RIGHT,,,,,,,0,,,,1,D,,,STRING_80,,,,,,,,$SYSTEM,,,,0,,1,,,,NO,,OC,,1
XTC_THICKNESS_TR,W,,,XTC_THICKNESS_TR,0,FQ,,,,0,,,,,,,,,,1,,,0,0,0,,1,0,0,0,,,,NO,,Query integer values from XTC,,XTC_2,,,,1,,,,,,LEFT,,,,,,,1,,,,1,D,,,BOOL,,,,,,,,$SYSTEM,,,,0,,1,,,,NO,,OC,,1
XTC_THKSETPT_RESET,W,,,XTC_ThkSetpt_Reset,0,FQ,,,,0,,,,,,,,,,1,,,0,0,0,,1,0,0,0,,,,NO,,Reset xtc for download,,XTC_2,,,,1,,,,,,LEFT,,,,,,,1,,,,1,D,,,BOOL,,,,,,,,$SYSTEM,,,,0,,1,,,,NO,,OC,,1
ZS_601I,R,,,%I0137,0,FQ,,,,0,,,,,,,,,,1,,0,0,0,0,,1,0,0,0,,,,NO,,GUN 1 CRUCIBLE SENSOR,,GE90-30_PLC,,,,1,,,,,,LEFT,,,,,,,0,,,,1,D,,,BOOL,1,0,,,,,,$SYSTEM,,,,0,,1,,,,NO,,OC,,1
ZS_602I,R,,,%I0138,0,FQ,,,,0,,,,,,,,,,1,,0,0,0,0,,1,0,0,0,,,,NO,,GUN 2 CRUCIBLE SENSOR,,GE90-30_PLC,,,,1,,,,,,LEFT,,,,,,,0,,,,1,D,,,BOOL,1,0,,,,,,$SYSTEM,,,,0,,1,,,,NO,,OC,,1
ZS_603I,R,,,%I0139,0,FQ,,,,0,,,,,,,,,,1,,0,0,0,0,,1,0,0,0,,,,NO,,GUN 3 CRUCIBLE SENSOR,,GE90-30_PLC,,,,1,,,,,,LEFT,,,,,,,0,,,,1,D,,,BOOL,1,0,,,,,,$SYSTEM,,,,0,,1,,,,NO,,OC,,1
ZS_604I,R,,,%I0140,0,FQ,,,,0,,,,,,,,,,1,,0,0,0,0,,1,0,0,0,,,,NO,,GUN 4 CRUCIBLE SENSOR,,GE90-30_PLC,,,,1,,,,,,LEFT,,,,,,,0,,,,1,D,,,BOOL,1,0,,,,,,$SYSTEM,,,,0,,1,,,,NO,,OC,,1
